92119,2018-02-01 10:00:00,老王,男,1992-01-01,0,100,后勤部,hello world,wlao@stu.edu.cn
92120,2018-02-02 10:00:00,老王,男,1992-01-02,0,100,后勤部,hello world,wlao@stu.edu.cn
92121,2018-02-03 10:00:00,老王,男,1992-01-03,0,100,后勤部,hello world,wlao@stu.edu.cn
92122,2018-02-04 10:00:00,老王,男,1992-01-04,0,100,后勤部,hello world,wlao@stu.edu.cn
92123,2018-02-05 10:00:00,老王,男,1992-01-05,0,100,后勤部,hello world,wlao@stu.edu.cn
92124,2018-02-06 10:00:00,老王,男,1992-01-06,0,100,后勤部,hello world,wlao@stu.edu.cn
92125,2018-02-07 10:00:00,老王,男,1992-01-07,0,100,后勤部,hello world,wlao@stu.edu.cn
92126,2018-02-08 10:00:00,老王,男,1992-01-08,0,100,后勤部,hello world,wlao@stu.edu.cn
92127,2018-02-09 10:00:00,老王,男,1992-01-09,0,100,后勤部,hello world,wlao@stu.edu.cn
92128,2018-02-10 10:00:00,老王,男,1992-01-10,0,100,后勤部,hello world,wlao@stu.edu.cn
92129,2018-02-11 10:00:00,老王,男,1992-01-11,0,100,后勤部,hello world,wlao@stu.edu.cn
92130,2018-02-12 10:00:00,老王,男,1992-01-12,0,100,后勤部,hello world,wlao@stu.edu.cn
92131,2018-02-13 10:00:00,老王,男,1992-01-13,0,100,后勤部,hello world,wlao@stu.edu.cn
92132,2018-02-14 10:00:00,老王,男,1992-01-14,0,100,后勤部,hello world,wlao@stu.edu.cn
92133,2018-02-15 10:00:00,老王,男,1992-01-15,0,100,后勤部,hello world,wlao@stu.edu.cn
92134,2018-02-16 10:00:00,老王,男,1992-01-16,0,100,后勤部,hello world,wlao@stu.edu.cn
92135,2018-02-17 10:00:00,老王,男,1992-01-17,0,100,后勤部,hello world,wlao@stu.edu.cn
92136,2018-02-18 10:00:00,老王,男,1992-01-18,0,100,后勤部,hello world,wlao@stu.edu.cn
92137,2018-02-19 10:00:00,老王,男,1992-01-19,0,100,后勤部,hello world,wlao@stu.edu.cn
92138,2018-02-20 10:00:00,老王,男,1992-01-20,0,100,后勤部,hello world,wlao@stu.edu.cn
92139,2018-02-21 10:00:00,老王,男,1992-01-21,0,100,后勤部,hello world,wlao@stu.edu.cn
92140,2018-02-22 10:00:00,老王,男,1992-01-22,0,100,后勤部,hello world,wlao@stu.edu.cn
92141,2018-02-23 10:00:00,老王,男,1992-01-23,0,100,后勤部,hello world,wlao@stu.edu.cn
92142,2018-02-24 10:00:00,老王,男,1992-01-24,0,100,后勤部,hello world,wlao@stu.edu.cn
92143,2018-02-25 10:00:00,老王,男,1992-01-25,0,100,后勤部,hello world,wlao@stu.edu.cn
92144,2018-02-26 10:00:00,老王,男,1992-01-26,0,100,后勤部,hello world,wlao@stu.edu.cn
92145,2018-02-27 10:00:00,老王,男,1992-01-27,0,100,后勤部,hello world,wlao@stu.edu.cn
92146,2018-02-28 10:00:00,老王,男,1992-01-28,0,100,后勤部,hello world,wlao@stu.edu.cn
92147,2018-03-01 10:00:00,老王,男,1992-01-29,0,100,后勤部,hello world,wlao@stu.edu.cn
92148,2018-03-02 10:00:00,老王,男,1992-01-30,0,100,后勤部,hello world,wlao@stu.edu.cn
92149,2018-03-03 10:00:00,老王,男,1992-01-31,0,100,后勤部,hello world,wlao@stu.edu.cn
92150,2018-03-04 10:00:00,老王,男,1992-02-01,0,100,后勤部,hello world,wlao@stu.edu.cn
92151,2018-03-05 10:00:00,老王,男,1992-02-02,0,100,后勤部,hello world,wlao@stu.edu.cn
92152,2018-03-06 10:00:00,老王,男,1992-02-03,0,100,后勤部,hello world,wlao@stu.edu.cn
92153,2018-03-07 10:00:00,老王,男,1992-02-04,0,100,后勤部,hello world,wlao@stu.edu.cn
92154,2018-03-08 10:00:00,老王,男,1992-02-05,0,100,后勤部,hello world,wlao@stu.edu.cn
92155,2018-03-09 10:00:00,老王,男,1992-02-06,0,100,后勤部,hello world,wlao@stu.edu.cn
92156,2018-03-10 10:00:00,老王,男,1992-02-07,0,100,后勤部,hello world,wlao@stu.edu.cn
92157,2018-03-11 10:00:00,老王,男,1992-02-08,0,100,后勤部,hello world,wlao@stu.edu.cn
92158,2018-03-12 10:00:00,老王,男,1992-02-09,0,100,后勤部,hello world,wlao@stu.edu.cn
92159,2018-03-13 10:00:00,老王,男,1992-02-10,0,100,后勤部,hello world,wlao@stu.edu.cn
92160,2018-03-14 10:00:00,老王,男,1992-02-11,0,100,后勤部,hello world,wlao@stu.edu.cn
92161,2018-03-15 10:00:00,老王,男,1992-02-12,0,100,后勤部,hello world,wlao@stu.edu.cn
92162,2018-03-16 10:00:00,老王,男,1992-02-13,0,100,后勤部,hello world,wlao@stu.edu.cn
92163,2018-03-17 10:00:00,老王,男,1992-02-14,0,100,后勤部,hello world,wlao@stu.edu.cn
92164,2018-03-18 10:00:00,老王,男,1992-02-15,0,100,后勤部,hello world,wlao@stu.edu.cn
92165,2018-03-19 10:00:00,老王,男,1992-02-16,0,100,后勤部,hello world,wlao@stu.edu.cn
92166,2018-03-20 10:00:00,老王,男,1992-02-17,0,100,后勤部,hello world,wlao@stu.edu.cn
92167,2018-03-21 10:00:00,老王,男,1992-02-18,0,100,后勤部,hello world,wlao@stu.edu.cn
92168,2018-03-22 10:00:00,老王,男,1992-02-19,0,100,后勤部,hello world,wlao@stu.edu.cn
92169,2018-03-23 10:00:00,老王,男,1992-02-20,0,100,后勤部,hello world,wlao@stu.edu.cn
92170,2018-03-24 10:00:00,老王,男,1992-02-21,0,100,后勤部,hello world,wlao@stu.edu.cn
92171,2018-03-25 10:00:00,老王,男,1992-02-22,0,100,后勤部,hello world,wlao@stu.edu.cn
92172,2018-03-26 10:00:00,老王,男,1992-02-23,0,100,后勤部,hello world,wlao@stu.edu.cn
92173,2018-03-27 10:00:00,老王,男,1992-02-24,0,100,后勤部,hello world,wlao@stu.edu.cn
92174,2018-03-28 10:00:00,老王,男,1992-02-25,0,100,后勤部,hello world,wlao@stu.edu.cn
92175,2018-03-29 10:00:00,老王,男,1992-02-26,0,100,后勤部,hello world,wlao@stu.edu.cn
92176,2018-03-30 10:00:00,老王,男,1992-02-27,0,100,后勤部,hello world,wlao@stu.edu.cn
92177,2018-03-31 10:00:00,老王,男,1992-02-28,0,100,后勤部,hello world,wlao@stu.edu.cn
92178,2018-04-01 10:00:00,老王,男,1992-02-29,0,100,后勤部,hello world,wlao@stu.edu.cn
92179,2018-04-02 10:00:00,老王,男,1992-03-01,0,100,后勤部,hello world,wlao@stu.edu.cn
92180,2018-04-03 10:00:00,老王,男,1992-03-02,0,100,后勤部,hello world,wlao@stu.edu.cn
92181,2018-04-04 10:00:00,老王,男,1992-03-03,0,100,后勤部,hello world,wlao@stu.edu.cn
92182,2018-04-05 10:00:00,老王,男,1992-03-04,0,100,后勤部,hello world,wlao@stu.edu.cn
92183,2018-04-06 10:00:00,老王,男,1992-03-05,0,100,后勤部,hello world,wlao@stu.edu.cn
92184,2018-04-07 10:00:00,老王,男,1992-03-06,0,100,后勤部,hello world,wlao@stu.edu.cn
92185,2018-04-08 10:00:00,老王,男,1992-03-07,0,100,后勤部,hello world,wlao@stu.edu.cn
92186,2018-04-09 10:00:00,老王,男,1992-03-08,0,100,后勤部,hello world,wlao@stu.edu.cn
92187,2018-04-10 10:00:00,老王,男,1992-03-09,0,100,后勤部,hello world,wlao@stu.edu.cn
92188,2018-04-11 10:00:00,老王,男,1992-03-10,0,100,后勤部,hello world,wlao@stu.edu.cn
92189,2018-04-12 10:00:00,老王,男,1992-03-11,0,100,后勤部,hello world,wlao@stu.edu.cn
92190,2018-04-13 10:00:00,老王,男,1992-03-12,0,100,后勤部,hello world,wlao@stu.edu.cn
92191,2018-04-14 10:00:00,老王,男,1992-03-13,0,100,后勤部,hello world,wlao@stu.edu.cn
92192,2018-04-15 10:00:00,老王,男,1992-03-14,0,100,后勤部,hello world,wlao@stu.edu.cn
92193,2018-04-16 10:00:00,老王,男,1992-03-15,0,100,后勤部,hello world,wlao@stu.edu.cn
92194,2018-04-17 10:00:00,老王,男,1992-03-16,0,100,后勤部,hello world,wlao@stu.edu.cn
92195,2018-04-18 10:00:00,老王,男,1992-03-17,0,100,后勤部,hello world,wlao@stu.edu.cn
92196,2018-04-19 10:00:00,老王,男,1992-03-18,0,100,后勤部,hello world,wlao@stu.edu.cn
92197,2018-04-20 10:00:00,老王,男,1992-03-19,0,100,后勤部,hello world,wlao@stu.edu.cn
92198,2018-04-21 10:00:00,老王,男,1992-03-20,0,100,后勤部,hello world,wlao@stu.edu.cn
92199,2018-04-22 10:00:00,老王,男,1992-03-21,0,100,后勤部,hello world,wlao@stu.edu.cn
92200,2018-04-23 10:00:00,老王,男,1992-03-22,0,100,后勤部,hello world,wlao@stu.edu.cn
92201,2018-04-24 10:00:00,老王,男,1992-03-23,0,100,后勤部,hello world,wlao@stu.edu.cn
92202,2018-04-25 10:00:00,老王,男,1992-03-24,0,100,后勤部,hello world,wlao@stu.edu.cn
92203,2018-04-26 10:00:00,老王,男,1992-03-25,0,100,后勤部,hello world,wlao@stu.edu.cn
92204,2018-04-27 10:00:00,老王,男,1992-03-26,0,100,后勤部,hello world,wlao@stu.edu.cn
92205,2018-04-28 10:00:00,老王,男,1992-03-27,0,100,后勤部,hello world,wlao@stu.edu.cn
92206,2018-04-29 10:00:00,老王,男,1992-03-28,0,100,后勤部,hello world,wlao@stu.edu.cn
92207,2018-04-30 10:00:00,老王,男,1992-03-29,0,100,后勤部,hello world,wlao@stu.edu.cn
92208,2018-05-01 10:00:00,老王,男,1992-03-30,0,100,后勤部,hello world,wlao@stu.edu.cn
92209,2018-05-02 10:00:00,老王,男,1992-03-31,0,100,后勤部,hello world,wlao@stu.edu.cn
92210,2018-05-03 10:00:00,老王,男,1992-04-01,0,100,后勤部,hello world,wlao@stu.edu.cn
92211,2018-05-04 10:00:00,老王,男,1992-04-02,0,100,后勤部,hello world,wlao@stu.edu.cn
92212,2018-05-05 10:00:00,老王,男,1992-04-03,0,100,后勤部,hello world,wlao@stu.edu.cn
92213,2018-05-06 10:00:00,老王,男,1992-04-04,0,100,后勤部,hello world,wlao@stu.edu.cn
92214,2018-05-07 10:00:00,老王,男,1992-04-05,0,100,后勤部,hello world,wlao@stu.edu.cn
92215,2018-05-08 10:00:00,老王,男,1992-04-06,0,100,后勤部,hello world,wlao@stu.edu.cn
92216,2018-05-09 10:00:00,老王,男,1992-04-07,0,100,后勤部,hello world,wlao@stu.edu.cn
92217,2018-05-10 10:00:00,老王,男,1992-04-08,0,100,后勤部,hello world,wlao@stu.edu.cn
92218,2018-05-11 10:00:00,老王,男,1992-04-09,0,100,后勤部,hello world,wlao@stu.edu.cn
92219,2018-05-12 10:00:00,老王,男,1992-04-10,0,100,后勤部,hello world,wlao@stu.edu.cn
92220,2018-05-13 10:00:00,老王,男,1992-04-11,0,100,后勤部,hello world,wlao@stu.edu.cn
92221,2018-05-14 10:00:00,老王,男,1992-04-12,0,100,后勤部,hello world,wlao@stu.edu.cn
92222,2018-05-15 10:00:00,老王,男,1992-04-13,0,100,后勤部,hello world,wlao@stu.edu.cn
92223,2018-05-16 10:00:00,老王,男,1992-04-14,0,100,后勤部,hello world,wlao@stu.edu.cn
92224,2018-05-17 10:00:00,老王,男,1992-04-15,0,100,后勤部,hello world,wlao@stu.edu.cn
92225,2018-05-18 10:00:00,老王,男,1992-04-16,0,100,后勤部,hello world,wlao@stu.edu.cn
92226,2018-05-19 10:00:00,老王,男,1992-04-17,0,100,后勤部,hello world,wlao@stu.edu.cn
92227,2018-05-20 10:00:00,老王,男,1992-04-18,0,100,后勤部,hello world,wlao@stu.edu.cn
92228,2018-05-21 10:00:00,老王,男,1992-04-19,0,100,后勤部,hello world,wlao@stu.edu.cn
92229,2018-05-22 10:00:00,老王,男,1992-04-20,0,100,后勤部,hello world,wlao@stu.edu.cn
92230,2018-05-23 10:00:00,老王,男,1992-04-21,0,100,后勤部,hello world,wlao@stu.edu.cn
92231,2018-05-24 10:00:00,老王,男,1992-04-22,0,100,后勤部,hello world,wlao@stu.edu.cn
92232,2018-05-25 10:00:00,老王,男,1992-04-23,0,100,后勤部,hello world,wlao@stu.edu.cn
92233,2018-05-26 10:00:00,老王,男,1992-04-24,0,100,后勤部,hello world,wlao@stu.edu.cn
92234,2018-05-27 10:00:00,老王,男,1992-04-25,0,100,后勤部,hello world,wlao@stu.edu.cn
92235,2018-05-28 10:00:00,老王,男,1992-04-26,0,100,后勤部,hello world,wlao@stu.edu.cn
92236,2018-05-29 10:00:00,老王,男,1992-04-27,0,100,后勤部,hello world,wlao@stu.edu.cn
92237,2018-05-30 10:00:00,老王,男,1992-04-28,0,100,后勤部,hello world,wlao@stu.edu.cn
92238,2018-05-31 10:00:00,老王,男,1992-04-29,0,100,后勤部,hello world,wlao@stu.edu.cn
92239,2018-06-01 10:00:00,老王,男,1992-04-30,0,100,后勤部,hello world,wlao@stu.edu.cn
92240,2018-06-02 10:00:00,老王,男,1992-05-01,0,100,后勤部,hello world,wlao@stu.edu.cn
92241,2018-06-03 10:00:00,老王,男,1992-05-02,0,100,后勤部,hello world,wlao@stu.edu.cn
92242,2018-06-04 10:00:00,老王,男,1992-05-03,0,100,后勤部,hello world,wlao@stu.edu.cn
92243,2018-06-05 10:00:00,老王,男,1992-05-04,0,100,后勤部,hello world,wlao@stu.edu.cn
92244,2018-06-06 10:00:00,老王,男,1992-05-05,0,100,后勤部,hello world,wlao@stu.edu.cn
92245,2018-06-07 10:00:00,老王,男,1992-05-06,0,100,后勤部,hello world,wlao@stu.edu.cn
92246,2018-06-08 10:00:00,老王,男,1992-05-07,0,100,后勤部,hello world,wlao@stu.edu.cn
92247,2018-06-09 10:00:00,老王,男,1992-05-08,0,100,后勤部,hello world,wlao@stu.edu.cn
92248,2018-06-10 10:00:00,老王,男,1992-05-09,0,100,后勤部,hello world,wlao@stu.edu.cn
92249,2018-06-11 10:00:00,老王,男,1992-05-10,0,100,后勤部,hello world,wlao@stu.edu.cn
92250,2018-06-12 10:00:00,老王,男,1992-05-11,0,100,后勤部,hello world,wlao@stu.edu.cn
92251,2018-06-13 10:00:00,老王,男,1992-05-12,0,100,后勤部,hello world,wlao@stu.edu.cn
92252,2018-06-14 10:00:00,老王,男,1992-05-13,0,100,后勤部,hello world,wlao@stu.edu.cn
92253,2018-06-15 10:00:00,老王,男,1992-05-14,0,100,后勤部,hello world,wlao@stu.edu.cn
92254,2018-06-16 10:00:00,老王,男,1992-05-15,0,100,后勤部,hello world,wlao@stu.edu.cn
92255,2018-06-17 10:00:00,老王,男,1992-05-16,0,100,后勤部,hello world,wlao@stu.edu.cn
92256,2018-06-18 10:00:00,老王,男,1992-05-17,0,100,后勤部,hello world,wlao@stu.edu.cn
92257,2018-06-19 10:00:00,老王,男,1992-05-18,0,100,后勤部,hello world,wlao@stu.edu.cn
92258,2018-06-20 10:00:00,老王,男,1992-05-19,0,100,后勤部,hello world,wlao@stu.edu.cn
92259,2018-06-21 10:00:00,老王,男,1992-05-20,0,100,后勤部,hello world,wlao@stu.edu.cn
92260,2018-06-22 10:00:00,老王,男,1992-05-21,0,100,后勤部,hello world,wlao@stu.edu.cn
92261,2018-06-23 10:00:00,老王,男,1992-05-22,0,100,后勤部,hello world,wlao@stu.edu.cn
92262,2018-06-24 10:00:00,老王,男,1992-05-23,0,100,后勤部,hello world,wlao@stu.edu.cn
92263,2018-06-25 10:00:00,老王,男,1992-05-24,0,100,后勤部,hello world,wlao@stu.edu.cn
92264,2018-06-26 10:00:00,老王,男,1992-05-25,0,100,后勤部,hello world,wlao@stu.edu.cn
92265,2018-06-27 10:00:00,老王,男,1992-05-26,0,100,后勤部,hello world,wlao@stu.edu.cn
92266,2018-06-28 10:00:00,老王,男,1992-05-27,0,100,后勤部,hello world,wlao@stu.edu.cn
92267,2018-06-29 10:00:00,老王,男,1992-05-28,0,100,后勤部,hello world,wlao@stu.edu.cn
92268,2018-06-30 10:00:00,老王,男,1992-05-29,0,100,后勤部,hello world,wlao@stu.edu.cn
92269,2018-07-01 10:00:00,老王,男,1992-05-30,0,100,后勤部,hello world,wlao@stu.edu.cn
92270,2018-07-02 10:00:00,老王,男,1992-05-31,0,100,后勤部,hello world,wlao@stu.edu.cn
92271,2018-07-03 10:00:00,老王,男,1992-06-01,0,100,后勤部,hello world,wlao@stu.edu.cn
92272,2018-07-04 10:00:00,老王,男,1992-06-02,0,100,后勤部,hello world,wlao@stu.edu.cn
92273,2018-07-05 10:00:00,老王,男,1992-06-03,0,100,后勤部,hello world,wlao@stu.edu.cn
92274,2018-07-06 10:00:00,老王,男,1992-06-04,0,100,后勤部,hello world,wlao@stu.edu.cn
92275,2018-07-07 10:00:00,老王,男,1992-06-05,0,100,后勤部,hello world,wlao@stu.edu.cn
92276,2018-07-08 10:00:00,老王,男,1992-06-06,0,100,后勤部,hello world,wlao@stu.edu.cn
92277,2018-07-09 10:00:00,老王,男,1992-06-07,0,100,后勤部,hello world,wlao@stu.edu.cn
92278,2018-07-10 10:00:00,老王,男,1992-06-08,0,100,后勤部,hello world,wlao@stu.edu.cn
92279,2018-07-11 10:00:00,老王,男,1992-06-09,0,100,后勤部,hello world,wlao@stu.edu.cn
92280,2018-07-12 10:00:00,老王,男,1992-06-10,0,100,后勤部,hello world,wlao@stu.edu.cn
92281,2018-07-13 10:00:00,老王,男,1992-06-11,0,100,后勤部,hello world,wlao@stu.edu.cn
92282,2018-07-14 10:00:00,老王,男,1992-06-12,0,100,后勤部,hello world,wlao@stu.edu.cn
92283,2018-07-15 10:00:00,老王,男,1992-06-13,0,100,后勤部,hello world,wlao@stu.edu.cn
92284,2018-07-16 10:00:00,老王,男,1992-06-14,0,100,后勤部,hello world,wlao@stu.edu.cn
92285,2018-07-17 10:00:00,老王,男,1992-06-15,0,100,后勤部,hello world,wlao@stu.edu.cn
92286,2018-07-18 10:00:00,老王,男,1992-06-16,0,100,后勤部,hello world,wlao@stu.edu.cn
92287,2018-07-19 10:00:00,老王,男,1992-06-17,0,100,后勤部,hello world,wlao@stu.edu.cn
92288,2018-07-20 10:00:00,老王,男,1992-06-18,0,100,后勤部,hello world,wlao@stu.edu.cn
92289,2018-07-21 10:00:00,老王,男,1992-06-19,0,100,后勤部,hello world,wlao@stu.edu.cn
92290,2018-07-22 10:00:00,老王,男,1992-06-20,0,100,后勤部,hello world,wlao@stu.edu.cn
92291,2018-07-23 10:00:00,老王,男,1992-06-21,0,100,后勤部,hello world,wlao@stu.edu.cn
92292,2018-07-24 10:00:00,老王,男,1992-06-22,0,100,后勤部,hello world,wlao@stu.edu.cn
92293,2018-07-25 10:00:00,老王,男,1992-06-23,0,100,后勤部,hello world,wlao@stu.edu.cn
92294,2018-07-26 10:00:00,老王,男,1992-06-24,0,100,后勤部,hello world,wlao@stu.edu.cn
92295,2018-07-27 10:00:00,老王,男,1992-06-25,0,100,后勤部,hello world,wlao@stu.edu.cn
92296,2018-07-28 10:00:00,老王,男,1992-06-26,0,100,后勤部,hello world,wlao@stu.edu.cn
92297,2018-07-29 10:00:00,老王,男,1992-06-27,0,100,后勤部,hello world,wlao@stu.edu.cn
92298,2018-07-30 10:00:00,老王,男,1992-06-28,0,100,后勤部,hello world,wlao@stu.edu.cn
92299,2018-07-31 10:00:00,老王,男,1992-06-29,0,100,后勤部,hello world,wlao@stu.edu.cn
92300,2018-08-01 10:00:00,老王,男,1992-06-30,0,100,后勤部,hello world,wlao@stu.edu.cn
92301,2018-08-02 10:00:00,老王,男,1992-07-01,0,100,后勤部,hello world,wlao@stu.edu.cn
92302,2018-08-03 10:00:00,老王,男,1992-07-02,0,100,后勤部,hello world,wlao@stu.edu.cn
92303,2018-08-04 10:00:00,老王,男,1992-07-03,0,100,后勤部,hello world,wlao@stu.edu.cn
92304,2018-08-05 10:00:00,老王,男,1992-07-04,0,100,后勤部,hello world,wlao@stu.edu.cn
92305,2018-08-06 10:00:00,老王,男,1992-07-05,0,100,后勤部,hello world,wlao@stu.edu.cn
92306,2018-08-07 10:00:00,老王,男,1992-07-06,0,100,后勤部,hello world,wlao@stu.edu.cn
92307,2018-08-08 10:00:00,老王,男,1992-07-07,0,100,后勤部,hello world,wlao@stu.edu.cn
92308,2018-08-09 10:00:00,老王,男,1992-07-08,0,100,后勤部,hello world,wlao@stu.edu.cn
92309,2018-08-10 10:00:00,老王,男,1992-07-09,0,100,后勤部,hello world,wlao@stu.edu.cn
92310,2018-08-11 10:00:00,老王,男,1992-07-10,0,100,后勤部,hello world,wlao@stu.edu.cn
92311,2018-08-12 10:00:00,老王,男,1992-07-11,0,100,后勤部,hello world,wlao@stu.edu.cn
92312,2018-08-13 10:00:00,老王,男,1992-07-12,0,100,后勤部,hello world,wlao@stu.edu.cn
92313,2018-08-14 10:00:00,老王,男,1992-07-13,0,100,后勤部,hello world,wlao@stu.edu.cn
92314,2018-08-15 10:00:00,老王,男,1992-07-14,0,100,后勤部,hello world,wlao@stu.edu.cn
92315,2018-08-16 10:00:00,老王,男,1992-07-15,0,100,后勤部,hello world,wlao@stu.edu.cn
92316,2018-08-17 10:00:00,老王,男,1992-07-16,0,100,后勤部,hello world,wlao@stu.edu.cn
92317,2018-08-18 10:00:00,老王,男,1992-07-17,0,100,后勤部,hello world,wlao@stu.edu.cn
92318,2018-08-19 10:00:00,老王,男,1992-07-18,0,100,后勤部,hello world,wlao@stu.edu.cn
92319,2018-08-20 10:00:00,老王,男,1992-07-19,0,100,后勤部,hello world,wlao@stu.edu.cn
92320,2018-08-21 10:00:00,老王,男,1992-07-20,0,100,后勤部,hello world,wlao@stu.edu.cn
92321,2018-08-22 10:00:00,老王,男,1992-07-21,0,100,后勤部,hello world,wlao@stu.edu.cn
92322,2018-08-23 10:00:00,老王,男,1992-07-22,0,100,后勤部,hello world,wlao@stu.edu.cn
92323,2018-08-24 10:00:00,老王,男,1992-07-23,0,100,后勤部,hello world,wlao@stu.edu.cn
92324,2018-08-25 10:00:00,老王,男,1992-07-24,0,100,后勤部,hello world,wlao@stu.edu.cn
92325,2018-08-26 10:00:00,老王,男,1992-07-25,0,100,后勤部,hello world,wlao@stu.edu.cn
92326,2018-08-27 10:00:00,老王,男,1992-07-26,0,100,后勤部,hello world,wlao@stu.edu.cn
92327,2018-08-28 10:00:00,老王,男,1992-07-27,0,100,后勤部,hello world,wlao@stu.edu.cn
92328,2018-08-29 10:00:00,老王,男,1992-07-28,0,100,后勤部,hello world,wlao@stu.edu.cn
92329,2018-08-30 10:00:00,老王,男,1992-07-29,0,100,后勤部,hello world,wlao@stu.edu.cn
92330,2018-08-31 10:00:00,老王,男,1992-07-30,0,100,后勤部,hello world,wlao@stu.edu.cn
92331,2018-09-01 10:00:00,老王,男,1992-07-31,0,100,后勤部,hello world,wlao@stu.edu.cn
92332,2018-09-02 10:00:00,老王,男,1992-08-01,0,100,后勤部,hello world,wlao@stu.edu.cn
92333,2018-09-03 10:00:00,老王,男,1992-08-02,0,100,后勤部,hello world,wlao@stu.edu.cn
92334,2018-09-04 10:00:00,老王,男,1992-08-03,0,100,后勤部,hello world,wlao@stu.edu.cn
92335,2018-09-05 10:00:00,老王,男,1992-08-04,0,100,后勤部,hello world,wlao@stu.edu.cn
92336,2018-09-06 10:00:00,老王,男,1992-08-05,0,100,后勤部,hello world,wlao@stu.edu.cn
92337,2018-09-07 10:00:00,老王,男,1992-08-06,0,100,后勤部,hello world,wlao@stu.edu.cn
92338,2018-09-08 10:00:00,老王,男,1992-08-07,0,100,后勤部,hello world,wlao@stu.edu.cn
92339,2018-09-09 10:00:00,老王,男,1992-08-08,0,100,后勤部,hello world,wlao@stu.edu.cn
92340,2018-09-10 10:00:00,老王,男,1992-08-09,0,100,后勤部,hello world,wlao@stu.edu.cn
92341,2018-09-11 10:00:00,老王,男,1992-08-10,0,100,后勤部,hello world,wlao@stu.edu.cn
92342,2018-09-12 10:00:00,老王,男,1992-08-11,0,100,后勤部,hello world,wlao@stu.edu.cn
92343,2018-09-13 10:00:00,老王,男,1992-08-12,0,100,后勤部,hello world,wlao@stu.edu.cn
92344,2018-09-14 10:00:00,老王,男,1992-08-13,0,100,后勤部,hello world,wlao@stu.edu.cn
92345,2018-09-15 10:00:00,老王,男,1992-08-14,0,100,后勤部,hello world,wlao@stu.edu.cn
92346,2018-09-16 10:00:00,老王,男,1992-08-15,0,100,后勤部,hello world,wlao@stu.edu.cn
92347,2018-09-17 10:00:00,老王,男,1992-08-16,0,100,后勤部,hello world,wlao@stu.edu.cn
92348,2018-09-18 10:00:00,老王,男,1992-08-17,0,100,后勤部,hello world,wlao@stu.edu.cn
92349,2018-09-19 10:00:00,老王,男,1992-08-18,0,100,后勤部,hello world,wlao@stu.edu.cn
92350,2018-09-20 10:00:00,老王,男,1992-08-19,0,100,后勤部,hello world,wlao@stu.edu.cn
92351,2018-09-21 10:00:00,老王,男,1992-08-20,0,100,后勤部,hello world,wlao@stu.edu.cn
92352,2018-09-22 10:00:00,老王,男,1992-08-21,0,100,后勤部,hello world,wlao@stu.edu.cn
92353,2018-09-23 10:00:00,老王,男,1992-08-22,0,100,后勤部,hello world,wlao@stu.edu.cn
92354,2018-09-24 10:00:00,老王,男,1992-08-23,0,100,后勤部,hello world,wlao@stu.edu.cn
92355,2018-09-25 10:00:00,老王,男,1992-08-24,0,100,后勤部,hello world,wlao@stu.edu.cn
92356,2018-09-26 10:00:00,老王,男,1992-08-25,0,100,后勤部,hello world,wlao@stu.edu.cn
92357,2018-09-27 10:00:00,老王,男,1992-08-26,0,100,后勤部,hello world,wlao@stu.edu.cn
92358,2018-09-28 10:00:00,老王,男,1992-08-27,0,100,后勤部,hello world,wlao@stu.edu.cn
92359,2018-09-29 10:00:00,老王,男,1992-08-28,0,100,后勤部,hello world,wlao@stu.edu.cn
92360,2018-09-30 10:00:00,老王,男,1992-08-29,0,100,后勤部,hello world,wlao@stu.edu.cn
92361,2018-10-01 10:00:00,老王,男,1992-08-30,0,100,后勤部,hello world,wlao@stu.edu.cn
92362,2018-10-02 10:00:00,老王,男,1992-08-31,0,100,后勤部,hello world,wlao@stu.edu.cn
92363,2018-10-03 10:00:00,老王,男,1992-09-01,0,100,后勤部,hello world,wlao@stu.edu.cn
92364,2018-10-04 10:00:00,老王,男,1992-09-02,0,100,后勤部,hello world,wlao@stu.edu.cn
92365,2018-10-05 10:00:00,老王,男,1992-09-03,0,100,后勤部,hello world,wlao@stu.edu.cn
92366,2018-10-06 10:00:00,老王,男,1992-09-04,0,100,后勤部,hello world,wlao@stu.edu.cn
92367,2018-10-07 10:00:00,老王,男,1992-09-05,0,100,后勤部,hello world,wlao@stu.edu.cn
92368,2018-10-08 10:00:00,老王,男,1992-09-06,0,100,后勤部,hello world,wlao@stu.edu.cn
92369,2018-10-09 10:00:00,老王,男,1992-09-07,0,100,后勤部,hello world,wlao@stu.edu.cn
92370,2018-10-10 10:00:00,老王,男,1992-09-08,0,100,后勤部,hello world,wlao@stu.edu.cn
92371,2018-10-11 10:00:00,老王,男,1992-09-09,0,100,后勤部,hello world,wlao@stu.edu.cn
92372,2018-10-12 10:00:00,老王,男,1992-09-10,0,100,后勤部,hello world,wlao@stu.edu.cn
92373,2018-10-13 10:00:00,老王,男,1992-09-11,0,100,后勤部,hello world,wlao@stu.edu.cn
92374,2018-10-14 10:00:00,老王,男,1992-09-12,0,100,后勤部,hello world,wlao@stu.edu.cn
92375,2018-10-15 10:00:00,老王,男,1992-09-13,0,100,后勤部,hello world,wlao@stu.edu.cn
92376,2018-10-16 10:00:00,老王,男,1992-09-14,0,100,后勤部,hello world,wlao@stu.edu.cn
92377,2018-10-17 10:00:00,老王,男,1992-09-15,0,100,后勤部,hello world,wlao@stu.edu.cn
92378,2018-10-18 10:00:00,老王,男,1992-09-16,0,100,后勤部,hello world,wlao@stu.edu.cn
92379,2018-10-19 10:00:00,老王,男,1992-09-17,0,100,后勤部,hello world,wlao@stu.edu.cn
92380,2018-10-20 10:00:00,老王,男,1992-09-18,0,100,后勤部,hello world,wlao@stu.edu.cn
92381,2018-10-21 10:00:00,老王,男,1992-09-19,0,100,后勤部,hello world,wlao@stu.edu.cn
92382,2018-10-22 10:00:00,老王,男,1992-09-20,0,100,后勤部,hello world,wlao@stu.edu.cn
92383,2018-10-23 10:00:00,老王,男,1992-09-21,0,100,后勤部,hello world,wlao@stu.edu.cn
92384,2018-10-24 10:00:00,老王,男,1992-09-22,0,100,后勤部,hello world,wlao@stu.edu.cn
92385,2018-10-25 10:00:00,老王,男,1992-09-23,0,100,后勤部,hello world,wlao@stu.edu.cn
92386,2018-10-26 10:00:00,老王,男,1992-09-24,0,100,后勤部,hello world,wlao@stu.edu.cn
92387,2018-10-27 10:00:00,老王,男,1992-09-25,0,100,后勤部,hello world,wlao@stu.edu.cn
92388,2018-10-28 10:00:00,老王,男,1992-09-26,0,100,后勤部,hello world,wlao@stu.edu.cn
92389,2018-10-29 10:00:00,老王,男,1992-09-27,0,100,后勤部,hello world,wlao@stu.edu.cn
92390,2018-10-30 10:00:00,老王,男,1992-09-28,0,100,后勤部,hello world,wlao@stu.edu.cn
92391,2018-10-31 10:00:00,老王,男,1992-09-29,0,100,后勤部,hello world,wlao@stu.edu.cn
92392,2018-11-01 10:00:00,老王,男,1992-09-30,0,100,后勤部,hello world,wlao@stu.edu.cn
92393,2018-11-02 10:00:00,老王,男,1992-10-01,0,100,后勤部,hello world,wlao@stu.edu.cn
92394,2018-11-03 10:00:00,老王,男,1992-10-02,0,100,后勤部,hello world,wlao@stu.edu.cn
92395,2018-11-04 10:00:00,老王,男,1992-10-03,0,100,后勤部,hello world,wlao@stu.edu.cn
92396,2018-11-05 10:00:00,老王,男,1992-10-04,0,100,后勤部,hello world,wlao@stu.edu.cn
92397,2018-11-06 10:00:00,老王,男,1992-10-05,0,100,后勤部,hello world,wlao@stu.edu.cn
92398,2018-11-07 10:00:00,老王,男,1992-10-06,0,100,后勤部,hello world,wlao@stu.edu.cn
92399,2018-11-08 10:00:00,老王,男,1992-10-07,0,100,后勤部,hello world,wlao@stu.edu.cn
92400,2018-11-09 10:00:00,老王,男,1992-10-08,0,100,后勤部,hello world,wlao@stu.edu.cn
92401,2018-11-10 10:00:00,老王,男,1992-10-09,0,100,后勤部,hello world,wlao@stu.edu.cn
92402,2018-11-11 10:00:00,老王,男,1992-10-10,0,100,后勤部,hello world,wlao@stu.edu.cn
92403,2018-11-12 10:00:00,老王,男,1992-10-11,0,100,后勤部,hello world,wlao@stu.edu.cn
92404,2018-11-13 10:00:00,老王,男,1992-10-12,0,100,后勤部,hello world,wlao@stu.edu.cn
92405,2018-11-14 10:00:00,老王,男,1992-10-13,0,100,后勤部,hello world,wlao@stu.edu.cn
92406,2018-11-15 10:00:00,老王,男,1992-10-14,0,100,后勤部,hello world,wlao@stu.edu.cn
92407,2018-11-16 10:00:00,老王,男,1992-10-15,0,100,后勤部,hello world,wlao@stu.edu.cn
92408,2018-11-17 10:00:00,老王,男,1992-10-16,0,100,后勤部,hello world,wlao@stu.edu.cn
92409,2018-11-18 10:00:00,老王,男,1992-10-17,0,100,后勤部,hello world,wlao@stu.edu.cn
92410,2018-11-19 10:00:00,老王,男,1992-10-18,0,100,后勤部,hello world,wlao@stu.edu.cn
92411,2018-11-20 10:00:00,老王,男,1992-10-19,0,100,后勤部,hello world,wlao@stu.edu.cn
92412,2018-11-21 10:00:00,老王,男,1992-10-20,0,100,后勤部,hello world,wlao@stu.edu.cn
92413,2018-11-22 10:00:00,老王,男,1992-10-21,0,100,后勤部,hello world,wlao@stu.edu.cn
92414,2018-11-23 10:00:00,老王,男,1992-10-22,0,100,后勤部,hello world,wlao@stu.edu.cn
92415,2018-11-24 10:00:00,老王,男,1992-10-23,0,100,后勤部,hello world,wlao@stu.edu.cn
92416,2018-11-25 10:00:00,老王,男,1992-10-24,0,100,后勤部,hello world,wlao@stu.edu.cn
92417,2018-11-26 10:00:00,老王,男,1992-10-25,0,100,后勤部,hello world,wlao@stu.edu.cn
92418,2018-11-27 10:00:00,老王,男,1992-10-26,0,100,后勤部,hello world,wlao@stu.edu.cn
92419,2018-11-28 10:00:00,老王,男,1992-10-27,0,100,后勤部,hello world,wlao@stu.edu.cn
92420,2018-11-29 10:00:00,老王,男,1992-10-28,0,100,后勤部,hello world,wlao@stu.edu.cn
92421,2018-11-30 10:00:00,老王,男,1992-10-29,0,100,后勤部,hello world,wlao@stu.edu.cn
92422,2018-12-01 10:00:00,老王,男,1992-10-30,0,100,后勤部,hello world,wlao@stu.edu.cn
92423,2018-12-02 10:00:00,老王,男,1992-10-31,0,100,后勤部,hello world,wlao@stu.edu.cn
92424,2018-12-03 10:00:00,老王,男,1992-11-01,0,100,后勤部,hello world,wlao@stu.edu.cn
92425,2018-12-04 10:00:00,老王,男,1992-11-02,0,100,后勤部,hello world,wlao@stu.edu.cn
92426,2018-12-05 10:00:00,老王,男,1992-11-03,0,100,后勤部,hello world,wlao@stu.edu.cn
92427,2018-12-06 10:00:00,老王,男,1992-11-04,0,100,后勤部,hello world,wlao@stu.edu.cn
92428,2018-12-07 10:00:00,老王,男,1992-11-05,0,100,后勤部,hello world,wlao@stu.edu.cn
92429,2018-12-08 10:00:00,老王,男,1992-11-06,0,100,后勤部,hello world,wlao@stu.edu.cn
92430,2018-12-09 10:00:00,老王,男,1992-11-07,0,100,后勤部,hello world,wlao@stu.edu.cn
92431,2018-12-10 10:00:00,老王,男,1992-11-08,0,100,后勤部,hello world,wlao@stu.edu.cn
92432,2018-12-11 10:00:00,老王,男,1992-11-09,0,100,后勤部,hello world,wlao@stu.edu.cn
92433,2018-12-12 10:00:00,老王,男,1992-11-10,0,100,后勤部,hello world,wlao@stu.edu.cn
92434,2018-12-13 10:00:00,老王,男,1992-11-11,0,100,后勤部,hello world,wlao@stu.edu.cn
92435,2018-12-14 10:00:00,老王,男,1992-11-12,0,100,后勤部,hello world,wlao@stu.edu.cn
92436,2018-12-15 10:00:00,老王,男,1992-11-13,0,100,后勤部,hello world,wlao@stu.edu.cn
92437,2018-12-16 10:00:00,老王,男,1992-11-14,0,100,后勤部,hello world,wlao@stu.edu.cn
92438,2018-12-17 10:00:00,老王,男,1992-11-15,0,100,后勤部,hello world,wlao@stu.edu.cn
92439,2018-12-18 10:00:00,老王,男,1992-11-16,0,100,后勤部,hello world,wlao@stu.edu.cn
92440,2018-12-19 10:00:00,老王,男,1992-11-17,0,100,后勤部,hello world,wlao@stu.edu.cn
92441,2018-12-20 10:00:00,老王,男,1992-11-18,0,100,后勤部,hello world,wlao@stu.edu.cn
92442,2018-12-21 10:00:00,老王,男,1992-11-19,0,100,后勤部,hello world,wlao@stu.edu.cn
92443,2018-12-22 10:00:00,老王,男,1992-11-20,0,100,后勤部,hello world,wlao@stu.edu.cn
92444,2018-12-23 10:00:00,老王,男,1992-11-21,0,100,后勤部,hello world,wlao@stu.edu.cn
92445,2018-12-24 10:00:00,老王,男,1992-11-22,0,100,后勤部,hello world,wlao@stu.edu.cn
92446,2018-12-25 10:00:00,老王,男,1992-11-23,0,100,后勤部,hello world,wlao@stu.edu.cn
92447,2018-12-26 10:00:00,老王,男,1992-11-24,0,100,后勤部,hello world,wlao@stu.edu.cn
92448,2018-12-27 10:00:00,老王,男,1992-11-25,0,100,后勤部,hello world,wlao@stu.edu.cn
92449,2018-12-28 10:00:00,老王,男,1992-11-26,0,100,后勤部,hello world,wlao@stu.edu.cn
92450,2018-12-29 10:00:00,老王,男,1992-11-27,0,100,后勤部,hello world,wlao@stu.edu.cn
92451,2018-12-30 10:00:00,老王,男,1992-11-28,0,100,后勤部,hello world,wlao@stu.edu.cn
92452,2018-12-31 10:00:00,老王,男,1992-11-29,0,100,后勤部,hello world,wlao@stu.edu.cn
92453,2019-01-01 10:00:00,老王,男,1992-11-30,0,100,后勤部,hello world,wlao@stu.edu.cn
92454,2019-01-02 10:00:00,老王,男,1992-12-01,0,100,后勤部,hello world,wlao@stu.edu.cn
92455,2019-01-03 10:00:00,老王,男,1992-12-02,0,100,后勤部,hello world,wlao@stu.edu.cn
92456,2019-01-04 10:00:00,老王,男,1992-12-03,0,100,后勤部,hello world,wlao@stu.edu.cn
92457,2019-01-05 10:00:00,老王,男,1992-12-04,0,100,后勤部,hello world,wlao@stu.edu.cn
92458,2019-01-06 10:00:00,老王,男,1992-12-05,0,100,后勤部,hello world,wlao@stu.edu.cn
92459,2019-01-07 10:00:00,老王,男,1992-12-06,0,100,后勤部,hello world,wlao@stu.edu.cn
92460,2019-01-08 10:00:00,老王,男,1992-12-07,0,100,后勤部,hello world,wlao@stu.edu.cn
92461,2019-01-09 10:00:00,老王,男,1992-12-08,0,100,后勤部,hello world,wlao@stu.edu.cn
92462,2019-01-10 10:00:00,老王,男,1992-12-09,0,100,后勤部,hello world,wlao@stu.edu.cn
92463,2019-01-11 10:00:00,老王,男,1992-12-10,0,100,后勤部,hello world,wlao@stu.edu.cn
92464,2019-01-12 10:00:00,老王,男,1992-12-11,0,100,后勤部,hello world,wlao@stu.edu.cn
92465,2019-01-13 10:00:00,老王,男,1992-12-12,0,100,后勤部,hello world,wlao@stu.edu.cn
92466,2019-01-14 10:00:00,老王,男,1992-12-13,0,100,后勤部,hello world,wlao@stu.edu.cn
92467,2019-01-15 10:00:00,老王,男,1992-12-14,0,100,后勤部,hello world,wlao@stu.edu.cn
92468,2019-01-16 10:00:00,老王,男,1992-12-15,0,100,后勤部,hello world,wlao@stu.edu.cn
92469,2019-01-17 10:00:00,老王,男,1992-12-16,0,100,后勤部,hello world,wlao@stu.edu.cn
92470,2019-01-18 10:00:00,老王,男,1992-12-17,0,100,后勤部,hello world,wlao@stu.edu.cn
92471,2019-01-19 10:00:00,老王,男,1992-12-18,0,100,后勤部,hello world,wlao@stu.edu.cn
92472,2019-01-20 10:00:00,老王,男,1992-12-19,0,100,后勤部,hello world,wlao@stu.edu.cn
92473,2019-01-21 10:00:00,老王,男,1992-12-20,0,100,后勤部,hello world,wlao@stu.edu.cn
92474,2019-01-22 10:00:00,老王,男,1992-12-21,0,100,后勤部,hello world,wlao@stu.edu.cn
92475,2019-01-23 10:00:00,老王,男,1992-12-22,0,100,后勤部,hello world,wlao@stu.edu.cn
92476,2019-01-24 10:00:00,老王,男,1992-12-23,0,100,后勤部,hello world,wlao@stu.edu.cn
92477,2019-01-25 10:00:00,老王,男,1992-12-24,0,100,后勤部,hello world,wlao@stu.edu.cn
92478,2019-01-26 10:00:00,老王,男,1992-12-25,0,100,后勤部,hello world,wlao@stu.edu.cn
92479,2019-01-27 10:00:00,老王,男,1992-12-26,0,100,后勤部,hello world,wlao@stu.edu.cn
92480,2019-01-28 10:00:00,老王,男,1992-12-27,0,100,后勤部,hello world,wlao@stu.edu.cn
92481,2019-01-29 10:00:00,老王,男,1992-12-28,0,100,后勤部,hello world,wlao@stu.edu.cn
92482,2019-01-30 10:00:00,老王,男,1992-12-29,0,100,后勤部,hello world,wlao@stu.edu.cn
92483,2019-01-31 10:00:00,老王,男,1992-12-30,0,100,后勤部,hello world,wlao@stu.edu.cn
92484,2019-02-01 10:00:00,老王,男,1992-12-31,0,100,后勤部,hello world,wlao@stu.edu.cn
92485,2019-02-02 10:00:00,老王,男,1993-01-01,0,100,后勤部,hello world,wlao@stu.edu.cn
92486,2019-02-03 10:00:00,老王,男,1993-01-02,0,100,后勤部,hello world,wlao@stu.edu.cn
92487,2019-02-04 10:00:00,老王,男,1993-01-03,0,100,后勤部,hello world,wlao@stu.edu.cn
92488,2019-02-05 10:00:00,老王,男,1993-01-04,0,100,后勤部,hello world,wlao@stu.edu.cn
92489,2019-02-06 10:00:00,老王,男,1993-01-05,0,100,后勤部,hello world,wlao@stu.edu.cn
92490,2019-02-07 10:00:00,老王,男,1993-01-06,0,100,后勤部,hello world,wlao@stu.edu.cn
92491,2019-02-08 10:00:00,老王,男,1993-01-07,0,100,后勤部,hello world,wlao@stu.edu.cn
92492,2019-02-09 10:00:00,老王,男,1993-01-08,0,100,后勤部,hello world,wlao@stu.edu.cn
92493,2019-02-10 10:00:00,老王,男,1993-01-09,0,100,后勤部,hello world,wlao@stu.edu.cn
92494,2019-02-11 10:00:00,老王,男,1993-01-10,0,100,后勤部,hello world,wlao@stu.edu.cn
92495,2019-02-12 10:00:00,老王,男,1993-01-11,0,100,后勤部,hello world,wlao@stu.edu.cn
92496,2019-02-13 10:00:00,老王,男,1993-01-12,0,100,后勤部,hello world,wlao@stu.edu.cn
92497,2019-02-14 10:00:00,老王,男,1993-01-13,0,100,后勤部,hello world,wlao@stu.edu.cn
92498,2019-02-15 10:00:00,老王,男,1993-01-14,0,100,后勤部,hello world,wlao@stu.edu.cn
92499,2019-02-16 10:00:00,老王,男,1993-01-15,0,100,后勤部,hello world,wlao@stu.edu.cn
92500,2019-02-17 10:00:00,老王,男,1993-01-16,0,100,后勤部,hello world,wlao@stu.edu.cn
92501,2019-02-18 10:00:00,老王,男,1993-01-17,0,100,后勤部,hello world,wlao@stu.edu.cn
92502,2019-02-19 10:00:00,老王,男,1993-01-18,0,100,后勤部,hello world,wlao@stu.edu.cn
92503,2019-02-20 10:00:00,老王,男,1993-01-19,0,100,后勤部,hello world,wlao@stu.edu.cn
92504,2019-02-21 10:00:00,老王,男,1993-01-20,0,100,后勤部,hello world,wlao@stu.edu.cn
92505,2019-02-22 10:00:00,老王,男,1993-01-21,0,100,后勤部,hello world,wlao@stu.edu.cn
92506,2019-02-23 10:00:00,老王,男,1993-01-22,0,100,后勤部,hello world,wlao@stu.edu.cn
92507,2019-02-24 10:00:00,老王,男,1993-01-23,0,100,后勤部,hello world,wlao@stu.edu.cn
92508,2019-02-25 10:00:00,老王,男,1993-01-24,0,100,后勤部,hello world,wlao@stu.edu.cn
92509,2019-02-26 10:00:00,老王,男,1993-01-25,0,100,后勤部,hello world,wlao@stu.edu.cn
92510,2019-02-27 10:00:00,老王,男,1993-01-26,0,100,后勤部,hello world,wlao@stu.edu.cn
92511,2019-02-28 10:00:00,老王,男,1993-01-27,0,100,后勤部,hello world,wlao@stu.edu.cn
92512,2019-03-01 10:00:00,老王,男,1993-01-28,0,100,后勤部,hello world,wlao@stu.edu.cn
92513,2019-03-02 10:00:00,老王,男,1993-01-29,0,100,后勤部,hello world,wlao@stu.edu.cn
92514,2019-03-03 10:00:00,老王,男,1993-01-30,0,100,后勤部,hello world,wlao@stu.edu.cn
92515,2019-03-04 10:00:00,老王,男,1993-01-31,0,100,后勤部,hello world,wlao@stu.edu.cn
92516,2019-03-05 10:00:00,老王,男,1993-02-01,0,100,后勤部,hello world,wlao@stu.edu.cn
92517,2019-03-06 10:00:00,老王,男,1993-02-02,0,100,后勤部,hello world,wlao@stu.edu.cn
92518,2019-03-07 10:00:00,老王,男,1993-02-03,0,100,后勤部,hello world,wlao@stu.edu.cn
92519,2019-03-08 10:00:00,老王,男,1993-02-04,0,100,后勤部,hello world,wlao@stu.edu.cn
92520,2019-03-09 10:00:00,老王,男,1993-02-05,0,100,后勤部,hello world,wlao@stu.edu.cn
92521,2019-03-10 10:00:00,老王,男,1993-02-06,0,100,后勤部,hello world,wlao@stu.edu.cn
92522,2019-03-11 10:00:00,老王,男,1993-02-07,0,100,后勤部,hello world,wlao@stu.edu.cn
92523,2019-03-12 10:00:00,老王,男,1993-02-08,0,100,后勤部,hello world,wlao@stu.edu.cn
92524,2019-03-13 10:00:00,老王,男,1993-02-09,0,100,后勤部,hello world,wlao@stu.edu.cn
92525,2019-03-14 10:00:00,老王,男,1993-02-10,0,100,后勤部,hello world,wlao@stu.edu.cn
92526,2019-03-15 10:00:00,老王,男,1993-02-11,0,100,后勤部,hello world,wlao@stu.edu.cn
92527,2019-03-16 10:00:00,老王,男,1993-02-12,0,100,后勤部,hello world,wlao@stu.edu.cn
92528,2019-03-17 10:00:00,老王,男,1993-02-13,0,100,后勤部,hello world,wlao@stu.edu.cn
92529,2019-03-18 10:00:00,老王,男,1993-02-14,0,100,后勤部,hello world,wlao@stu.edu.cn
92530,2019-03-19 10:00:00,老王,男,1993-02-15,0,100,后勤部,hello world,wlao@stu.edu.cn
92531,2019-03-20 10:00:00,老王,男,1993-02-16,0,100,后勤部,hello world,wlao@stu.edu.cn
92532,2019-03-21 10:00:00,老王,男,1993-02-17,0,100,后勤部,hello world,wlao@stu.edu.cn
92533,2019-03-22 10:00:00,老王,男,1993-02-18,0,100,后勤部,hello world,wlao@stu.edu.cn
92534,2019-03-23 10:00:00,老王,男,1993-02-19,0,100,后勤部,hello world,wlao@stu.edu.cn
92535,2019-03-24 10:00:00,老王,男,1993-02-20,0,100,后勤部,hello world,wlao@stu.edu.cn
92536,2019-03-25 10:00:00,老王,男,1993-02-21,0,100,后勤部,hello world,wlao@stu.edu.cn
92537,2019-03-26 10:00:00,老王,男,1993-02-22,0,100,后勤部,hello world,wlao@stu.edu.cn
92538,2019-03-27 10:00:00,老王,男,1993-02-23,0,100,后勤部,hello world,wlao@stu.edu.cn
92539,2019-03-28 10:00:00,老王,男,1993-02-24,0,100,后勤部,hello world,wlao@stu.edu.cn
92540,2019-03-29 10:00:00,老王,男,1993-02-25,0,100,后勤部,hello world,wlao@stu.edu.cn
92541,2019-03-30 10:00:00,老王,男,1993-02-26,0,100,后勤部,hello world,wlao@stu.edu.cn
92542,2019-03-31 10:00:00,老王,男,1993-02-27,0,100,后勤部,hello world,wlao@stu.edu.cn
92543,2019-04-01 10:00:00,老王,男,1993-02-28,0,100,后勤部,hello world,wlao@stu.edu.cn
92544,2019-04-02 10:00:00,老王,男,1993-03-01,0,100,后勤部,hello world,wlao@stu.edu.cn
92545,2019-04-03 10:00:00,老王,男,1993-03-02,0,100,后勤部,hello world,wlao@stu.edu.cn
92546,2019-04-04 10:00:00,老王,男,1993-03-03,0,100,后勤部,hello world,wlao@stu.edu.cn
92547,2019-04-05 10:00:00,老王,男,1993-03-04,0,100,后勤部,hello world,wlao@stu.edu.cn
92548,2019-04-06 10:00:00,老王,男,1993-03-05,0,100,后勤部,hello world,wlao@stu.edu.cn
92549,2019-04-07 10:00:00,老王,男,1993-03-06,0,100,后勤部,hello world,wlao@stu.edu.cn
92550,2019-04-08 10:00:00,老王,男,1993-03-07,0,100,后勤部,hello world,wlao@stu.edu.cn
92551,2019-04-09 10:00:00,老王,男,1993-03-08,0,100,后勤部,hello world,wlao@stu.edu.cn
92552,2019-04-10 10:00:00,老王,男,1993-03-09,0,100,后勤部,hello world,wlao@stu.edu.cn
92553,2019-04-11 10:00:00,老王,男,1993-03-10,0,100,后勤部,hello world,wlao@stu.edu.cn
92554,2019-04-12 10:00:00,老王,男,1993-03-11,0,100,后勤部,hello world,wlao@stu.edu.cn
92555,2019-04-13 10:00:00,老王,男,1993-03-12,0,100,后勤部,hello world,wlao@stu.edu.cn
92556,2019-04-14 10:00:00,老王,男,1993-03-13,0,100,后勤部,hello world,wlao@stu.edu.cn
92557,2019-04-15 10:00:00,老王,男,1993-03-14,0,100,后勤部,hello world,wlao@stu.edu.cn
92558,2019-04-16 10:00:00,老王,男,1993-03-15,0,100,后勤部,hello world,wlao@stu.edu.cn
92559,2019-04-17 10:00:00,老王,男,1993-03-16,0,100,后勤部,hello world,wlao@stu.edu.cn
92560,2019-04-18 10:00:00,老王,男,1993-03-17,0,100,后勤部,hello world,wlao@stu.edu.cn
92561,2019-04-19 10:00:00,老王,男,1993-03-18,0,100,后勤部,hello world,wlao@stu.edu.cn
92562,2019-04-20 10:00:00,老王,男,1993-03-19,0,100,后勤部,hello world,wlao@stu.edu.cn
92563,2019-04-21 10:00:00,老王,男,1993-03-20,0,100,后勤部,hello world,wlao@stu.edu.cn
92564,2019-04-22 10:00:00,老王,男,1993-03-21,0,100,后勤部,hello world,wlao@stu.edu.cn
92565,2019-04-23 10:00:00,老王,男,1993-03-22,0,100,后勤部,hello world,wlao@stu.edu.cn
92566,2019-04-24 10:00:00,老王,男,1993-03-23,0,100,后勤部,hello world,wlao@stu.edu.cn
92567,2019-04-25 10:00:00,老王,男,1993-03-24,0,100,后勤部,hello world,wlao@stu.edu.cn
92568,2019-04-26 10:00:00,老王,男,1993-03-25,0,100,后勤部,hello world,wlao@stu.edu.cn
92569,2019-04-27 10:00:00,老王,男,1993-03-26,0,100,后勤部,hello world,wlao@stu.edu.cn
92570,2019-04-28 10:00:00,老王,男,1993-03-27,0,100,后勤部,hello world,wlao@stu.edu.cn
92571,2019-04-29 10:00:00,老王,男,1993-03-28,0,100,后勤部,hello world,wlao@stu.edu.cn
92572,2019-04-30 10:00:00,老王,男,1993-03-29,0,100,后勤部,hello world,wlao@stu.edu.cn
92573,2019-05-01 10:00:00,老王,男,1993-03-30,0,100,后勤部,hello world,wlao@stu.edu.cn
92574,2019-05-02 10:00:00,老王,男,1993-03-31,0,100,后勤部,hello world,wlao@stu.edu.cn
92575,2019-05-03 10:00:00,老王,男,1993-04-01,0,100,后勤部,hello world,wlao@stu.edu.cn
92576,2019-05-04 10:00:00,老王,男,1993-04-02,0,100,后勤部,hello world,wlao@stu.edu.cn
92577,2019-05-05 10:00:00,老王,男,1993-04-03,0,100,后勤部,hello world,wlao@stu.edu.cn
92578,2019-05-06 10:00:00,老王,男,1993-04-04,0,100,后勤部,hello world,wlao@stu.edu.cn
92579,2019-05-07 10:00:00,老王,男,1993-04-05,0,100,后勤部,hello world,wlao@stu.edu.cn
92580,2019-05-08 10:00:00,老王,男,1993-04-06,0,100,后勤部,hello world,wlao@stu.edu.cn
92581,2019-05-09 10:00:00,老王,男,1993-04-07,0,100,后勤部,hello world,wlao@stu.edu.cn
92582,2019-05-10 10:00:00,老王,男,1993-04-08,0,100,后勤部,hello world,wlao@stu.edu.cn
92583,2019-05-11 10:00:00,老王,男,1993-04-09,0,100,后勤部,hello world,wlao@stu.edu.cn
92584,2019-05-12 10:00:00,老王,男,1993-04-10,0,100,后勤部,hello world,wlao@stu.edu.cn
92585,2019-05-13 10:00:00,老王,男,1993-04-11,0,100,后勤部,hello world,wlao@stu.edu.cn
92586,2019-05-14 10:00:00,老王,男,1993-04-12,0,100,后勤部,hello world,wlao@stu.edu.cn
92587,2019-05-15 10:00:00,老王,男,1993-04-13,0,100,后勤部,hello world,wlao@stu.edu.cn
92588,2019-05-16 10:00:00,老王,男,1993-04-14,0,100,后勤部,hello world,wlao@stu.edu.cn
92589,2019-05-17 10:00:00,老王,男,1993-04-15,0,100,后勤部,hello world,wlao@stu.edu.cn
92590,2019-05-18 10:00:00,老王,男,1993-04-16,0,100,后勤部,hello world,wlao@stu.edu.cn
92591,2019-05-19 10:00:00,老王,男,1993-04-17,0,100,后勤部,hello world,wlao@stu.edu.cn
92592,2019-05-20 10:00:00,老王,男,1993-04-18,0,100,后勤部,hello world,wlao@stu.edu.cn
92593,2019-05-21 10:00:00,老王,男,1993-04-19,0,100,后勤部,hello world,wlao@stu.edu.cn
92594,2019-05-22 10:00:00,老王,男,1993-04-20,0,100,后勤部,hello world,wlao@stu.edu.cn
92595,2019-05-23 10:00:00,老王,男,1993-04-21,0,100,后勤部,hello world,wlao@stu.edu.cn
92596,2019-05-24 10:00:00,老王,男,1993-04-22,0,100,后勤部,hello world,wlao@stu.edu.cn
92597,2019-05-25 10:00:00,老王,男,1993-04-23,0,100,后勤部,hello world,wlao@stu.edu.cn
92598,2019-05-26 10:00:00,老王,男,1993-04-24,0,100,后勤部,hello world,wlao@stu.edu.cn
92599,2019-05-27 10:00:00,老王,男,1993-04-25,0,100,后勤部,hello world,wlao@stu.edu.cn
92600,2019-05-28 10:00:00,老王,男,1993-04-26,0,100,后勤部,hello world,wlao@stu.edu.cn
92601,2019-05-29 10:00:00,老王,男,1993-04-27,0,100,后勤部,hello world,wlao@stu.edu.cn
92602,2019-05-30 10:00:00,老王,男,1993-04-28,0,100,后勤部,hello world,wlao@stu.edu.cn
92603,2019-05-31 10:00:00,老王,男,1993-04-29,0,100,后勤部,hello world,wlao@stu.edu.cn
92604,2019-06-01 10:00:00,老王,男,1993-04-30,0,100,后勤部,hello world,wlao@stu.edu.cn
92605,2019-06-02 10:00:00,老王,男,1993-05-01,0,100,后勤部,hello world,wlao@stu.edu.cn
92606,2019-06-03 10:00:00,老王,男,1993-05-02,0,100,后勤部,hello world,wlao@stu.edu.cn
92607,2019-06-04 10:00:00,老王,男,1993-05-03,0,100,后勤部,hello world,wlao@stu.edu.cn
92608,2019-06-05 10:00:00,老王,男,1993-05-04,0,100,后勤部,hello world,wlao@stu.edu.cn
92609,2019-06-06 10:00:00,老王,男,1993-05-05,0,100,后勤部,hello world,wlao@stu.edu.cn
92610,2019-06-07 10:00:00,老王,男,1993-05-06,0,100,后勤部,hello world,wlao@stu.edu.cn
92611,2019-06-08 10:00:00,老王,男,1993-05-07,0,100,后勤部,hello world,wlao@stu.edu.cn
92612,2019-06-09 10:00:00,老王,男,1993-05-08,0,100,后勤部,hello world,wlao@stu.edu.cn
92613,2019-06-10 10:00:00,老王,男,1993-05-09,0,100,后勤部,hello world,wlao@stu.edu.cn
92614,2019-06-11 10:00:00,老王,男,1993-05-10,0,100,后勤部,hello world,wlao@stu.edu.cn
92615,2019-06-12 10:00:00,老王,男,1993-05-11,0,100,后勤部,hello world,wlao@stu.edu.cn
92616,2019-06-13 10:00:00,老王,男,1993-05-12,0,100,后勤部,hello world,wlao@stu.edu.cn
92617,2019-06-14 10:00:00,老王,男,1993-05-13,0,100,后勤部,hello world,wlao@stu.edu.cn
92618,2019-06-15 10:00:00,老王,男,1993-05-14,0,100,后勤部,hello world,wlao@stu.edu.cn
92619,2019-06-16 10:00:00,老王,男,1993-05-15,0,100,后勤部,hello world,wlao@stu.edu.cn
92620,2019-06-17 10:00:00,老王,男,1993-05-16,0,100,后勤部,hello world,wlao@stu.edu.cn
92621,2019-06-18 10:00:00,老王,男,1993-05-17,0,100,后勤部,hello world,wlao@stu.edu.cn
92622,2019-06-19 10:00:00,老王,男,1993-05-18,0,100,后勤部,hello world,wlao@stu.edu.cn
92623,2019-06-20 10:00:00,老王,男,1993-05-19,0,100,后勤部,hello world,wlao@stu.edu.cn
92624,2019-06-21 10:00:00,老王,男,1993-05-20,0,100,后勤部,hello world,wlao@stu.edu.cn
92625,2019-06-22 10:00:00,老王,男,1993-05-21,0,100,后勤部,hello world,wlao@stu.edu.cn
92626,2019-06-23 10:00:00,老王,男,1993-05-22,0,100,后勤部,hello world,wlao@stu.edu.cn
92627,2019-06-24 10:00:00,老王,男,1993-05-23,0,100,后勤部,hello world,wlao@stu.edu.cn
92628,2019-06-25 10:00:00,老王,男,1993-05-24,0,100,后勤部,hello world,wlao@stu.edu.cn
92629,2019-06-26 10:00:00,老王,男,1993-05-25,0,100,后勤部,hello world,wlao@stu.edu.cn
92630,2019-06-27 10:00:00,老王,男,1993-05-26,0,100,后勤部,hello world,wlao@stu.edu.cn
92631,2019-06-28 10:00:00,老王,男,1993-05-27,0,100,后勤部,hello world,wlao@stu.edu.cn
92632,2019-06-29 10:00:00,老王,男,1993-05-28,0,100,后勤部,hello world,wlao@stu.edu.cn
92633,2019-06-30 10:00:00,老王,男,1993-05-29,0,100,后勤部,hello world,wlao@stu.edu.cn
92634,2019-07-01 10:00:00,老王,男,1993-05-30,0,100,后勤部,hello world,wlao@stu.edu.cn
92635,2019-07-02 10:00:00,老王,男,1993-05-31,0,100,后勤部,hello world,wlao@stu.edu.cn
92636,2019-07-03 10:00:00,老王,男,1993-06-01,0,100,后勤部,hello world,wlao@stu.edu.cn
92637,2019-07-04 10:00:00,老王,男,1993-06-02,0,100,后勤部,hello world,wlao@stu.edu.cn
92638,2019-07-05 10:00:00,老王,男,1993-06-03,0,100,后勤部,hello world,wlao@stu.edu.cn
92639,2019-07-06 10:00:00,老王,男,1993-06-04,0,100,后勤部,hello world,wlao@stu.edu.cn
92640,2019-07-07 10:00:00,老王,男,1993-06-05,0,100,后勤部,hello world,wlao@stu.edu.cn
92641,2019-07-08 10:00:00,老王,男,1993-06-06,0,100,后勤部,hello world,wlao@stu.edu.cn
92642,2019-07-09 10:00:00,老王,男,1993-06-07,0,100,后勤部,hello world,wlao@stu.edu.cn
92643,2019-07-10 10:00:00,老王,男,1993-06-08,0,100,后勤部,hello world,wlao@stu.edu.cn
92644,2019-07-11 10:00:00,老王,男,1993-06-09,0,100,后勤部,hello world,wlao@stu.edu.cn
92645,2019-07-12 10:00:00,老王,男,1993-06-10,0,100,后勤部,hello world,wlao@stu.edu.cn
92646,2019-07-13 10:00:00,老王,男,1993-06-11,0,100,后勤部,hello world,wlao@stu.edu.cn
92647,2019-07-14 10:00:00,老王,男,1993-06-12,0,100,后勤部,hello world,wlao@stu.edu.cn
92648,2019-07-15 10:00:00,老王,男,1993-06-13,0,100,后勤部,hello world,wlao@stu.edu.cn
92649,2019-07-16 10:00:00,老王,男,1993-06-14,0,100,后勤部,hello world,wlao@stu.edu.cn
92650,2019-07-17 10:00:00,老王,男,1993-06-15,0,100,后勤部,hello world,wlao@stu.edu.cn
92651,2019-07-18 10:00:00,老王,男,1993-06-16,0,100,后勤部,hello world,wlao@stu.edu.cn
92652,2019-07-19 10:00:00,老王,男,1993-06-17,0,100,后勤部,hello world,wlao@stu.edu.cn
92653,2019-07-20 10:00:00,老王,男,1993-06-18,0,100,后勤部,hello world,wlao@stu.edu.cn
92654,2019-07-21 10:00:00,老王,男,1993-06-19,0,100,后勤部,hello world,wlao@stu.edu.cn
92655,2019-07-22 10:00:00,老王,男,1993-06-20,0,100,后勤部,hello world,wlao@stu.edu.cn
92656,2019-07-23 10:00:00,老王,男,1993-06-21,0,100,后勤部,hello world,wlao@stu.edu.cn
92657,2019-07-24 10:00:00,老王,男,1993-06-22,0,100,后勤部,hello world,wlao@stu.edu.cn
92658,2019-07-25 10:00:00,老王,男,1993-06-23,0,100,后勤部,hello world,wlao@stu.edu.cn
92659,2019-07-26 10:00:00,老王,男,1993-06-24,0,100,后勤部,hello world,wlao@stu.edu.cn
92660,2019-07-27 10:00:00,老王,男,1993-06-25,0,100,后勤部,hello world,wlao@stu.edu.cn
92661,2019-07-28 10:00:00,老王,男,1993-06-26,0,100,后勤部,hello world,wlao@stu.edu.cn
92662,2019-07-29 10:00:00,老王,男,1993-06-27,0,100,后勤部,hello world,wlao@stu.edu.cn
92663,2019-07-30 10:00:00,老王,男,1993-06-28,0,100,后勤部,hello world,wlao@stu.edu.cn
92664,2019-07-31 10:00:00,老王,男,1993-06-29,0,100,后勤部,hello world,wlao@stu.edu.cn
92665,2019-08-01 10:00:00,老王,男,1993-06-30,0,100,后勤部,hello world,wlao@stu.edu.cn
92666,2019-08-02 10:00:00,老王,男,1993-07-01,0,100,后勤部,hello world,wlao@stu.edu.cn
92667,2019-08-03 10:00:00,老王,男,1993-07-02,0,100,后勤部,hello world,wlao@stu.edu.cn
92668,2019-08-04 10:00:00,老王,男,1993-07-03,0,100,后勤部,hello world,wlao@stu.edu.cn
92669,2019-08-05 10:00:00,老王,男,1993-07-04,0,100,后勤部,hello world,wlao@stu.edu.cn
92670,2019-08-06 10:00:00,老王,男,1993-07-05,0,100,后勤部,hello world,wlao@stu.edu.cn
92671,2019-08-07 10:00:00,老王,男,1993-07-06,0,100,后勤部,hello world,wlao@stu.edu.cn
92672,2019-08-08 10:00:00,老王,男,1993-07-07,0,100,后勤部,hello world,wlao@stu.edu.cn
92673,2019-08-09 10:00:00,老王,男,1993-07-08,0,100,后勤部,hello world,wlao@stu.edu.cn
92674,2019-08-10 10:00:00,老王,男,1993-07-09,0,100,后勤部,hello world,wlao@stu.edu.cn
92675,2019-08-11 10:00:00,老王,男,1993-07-10,0,100,后勤部,hello world,wlao@stu.edu.cn
92676,2019-08-12 10:00:00,老王,男,1993-07-11,0,100,后勤部,hello world,wlao@stu.edu.cn
92677,2019-08-13 10:00:00,老王,男,1993-07-12,0,100,后勤部,hello world,wlao@stu.edu.cn
92678,2019-08-14 10:00:00,老王,男,1993-07-13,0,100,后勤部,hello world,wlao@stu.edu.cn
92679,2019-08-15 10:00:00,老王,男,1993-07-14,0,100,后勤部,hello world,wlao@stu.edu.cn
92680,2019-08-16 10:00:00,老王,男,1993-07-15,0,100,后勤部,hello world,wlao@stu.edu.cn
92681,2019-08-17 10:00:00,老王,男,1993-07-16,0,100,后勤部,hello world,wlao@stu.edu.cn
92682,2019-08-18 10:00:00,老王,男,1993-07-17,0,100,后勤部,hello world,wlao@stu.edu.cn
92683,2019-08-19 10:00:00,老王,男,1993-07-18,0,100,后勤部,hello world,wlao@stu.edu.cn
92684,2019-08-20 10:00:00,老王,男,1993-07-19,0,100,后勤部,hello world,wlao@stu.edu.cn
92685,2019-08-21 10:00:00,老王,男,1993-07-20,0,100,后勤部,hello world,wlao@stu.edu.cn
92686,2019-08-22 10:00:00,老王,男,1993-07-21,0,100,后勤部,hello world,wlao@stu.edu.cn
92687,2019-08-23 10:00:00,老王,男,1993-07-22,0,100,后勤部,hello world,wlao@stu.edu.cn
92688,2019-08-24 10:00:00,老王,男,1993-07-23,0,100,后勤部,hello world,wlao@stu.edu.cn
92689,2019-08-25 10:00:00,老王,男,1993-07-24,0,100,后勤部,hello world,wlao@stu.edu.cn
92690,2019-08-26 10:00:00,老王,男,1993-07-25,0,100,后勤部,hello world,wlao@stu.edu.cn
92691,2019-08-27 10:00:00,老王,男,1993-07-26,0,100,后勤部,hello world,wlao@stu.edu.cn
92692,2019-08-28 10:00:00,老王,男,1993-07-27,0,100,后勤部,hello world,wlao@stu.edu.cn
92693,2019-08-29 10:00:00,老王,男,1993-07-28,0,100,后勤部,hello world,wlao@stu.edu.cn
92694,2019-08-30 10:00:00,老王,男,1993-07-29,0,100,后勤部,hello world,wlao@stu.edu.cn
92695,2019-08-31 10:00:00,老王,男,1993-07-30,0,100,后勤部,hello world,wlao@stu.edu.cn
92696,2019-09-01 10:00:00,老王,男,1993-07-31,0,100,后勤部,hello world,wlao@stu.edu.cn
92697,2019-09-02 10:00:00,老王,男,1993-08-01,0,100,后勤部,hello world,wlao@stu.edu.cn
92698,2019-09-03 10:00:00,老王,男,1993-08-02,0,100,后勤部,hello world,wlao@stu.edu.cn
92699,2019-09-04 10:00:00,老王,男,1993-08-03,0,100,后勤部,hello world,wlao@stu.edu.cn
92700,2019-09-05 10:00:00,老王,男,1993-08-04,0,100,后勤部,hello world,wlao@stu.edu.cn
92701,2019-09-06 10:00:00,老王,男,1993-08-05,0,100,后勤部,hello world,wlao@stu.edu.cn
92702,2019-09-07 10:00:00,老王,男,1993-08-06,0,100,后勤部,hello world,wlao@stu.edu.cn
92703,2019-09-08 10:00:00,老王,男,1993-08-07,0,100,后勤部,hello world,wlao@stu.edu.cn
92704,2019-09-09 10:00:00,老王,男,1993-08-08,0,100,后勤部,hello world,wlao@stu.edu.cn
92705,2019-09-10 10:00:00,老王,男,1993-08-09,0,100,后勤部,hello world,wlao@stu.edu.cn
92706,2019-09-11 10:00:00,老王,男,1993-08-10,0,100,后勤部,hello world,wlao@stu.edu.cn
92707,2019-09-12 10:00:00,老王,男,1993-08-11,0,100,后勤部,hello world,wlao@stu.edu.cn
92708,2019-09-13 10:00:00,老王,男,1993-08-12,0,100,后勤部,hello world,wlao@stu.edu.cn
92709,2019-09-14 10:00:00,老王,男,1993-08-13,0,100,后勤部,hello world,wlao@stu.edu.cn
92710,2019-09-15 10:00:00,老王,男,1993-08-14,0,100,后勤部,hello world,wlao@stu.edu.cn
92711,2019-09-16 10:00:00,老王,男,1993-08-15,0,100,后勤部,hello world,wlao@stu.edu.cn
92712,2019-09-17 10:00:00,老王,男,1993-08-16,0,100,后勤部,hello world,wlao@stu.edu.cn
92713,2019-09-18 10:00:00,老王,男,1993-08-17,0,100,后勤部,hello world,wlao@stu.edu.cn
92714,2019-09-19 10:00:00,老王,男,1993-08-18,0,100,后勤部,hello world,wlao@stu.edu.cn
92715,2019-09-20 10:00:00,老王,男,1993-08-19,0,100,后勤部,hello world,wlao@stu.edu.cn
92716,2019-09-21 10:00:00,老王,男,1993-08-20,0,100,后勤部,hello world,wlao@stu.edu.cn
92717,2019-09-22 10:00:00,老王,男,1993-08-21,0,100,后勤部,hello world,wlao@stu.edu.cn
92718,2019-09-23 10:00:00,老王,男,1993-08-22,0,100,后勤部,hello world,wlao@stu.edu.cn
92719,2019-09-24 10:00:00,老王,男,1993-08-23,0,100,后勤部,hello world,wlao@stu.edu.cn
92720,2019-09-25 10:00:00,老王,男,1993-08-24,0,100,后勤部,hello world,wlao@stu.edu.cn
92721,2019-09-26 10:00:00,老王,男,1993-08-25,0,100,后勤部,hello world,wlao@stu.edu.cn
92722,2019-09-27 10:00:00,老王,男,1993-08-26,0,100,后勤部,hello world,wlao@stu.edu.cn
92723,2019-09-28 10:00:00,老王,男,1993-08-27,0,100,后勤部,hello world,wlao@stu.edu.cn
92724,2019-09-29 10:00:00,老王,男,1993-08-28,0,100,后勤部,hello world,wlao@stu.edu.cn
92725,2019-09-30 10:00:00,老王,男,1993-08-29,0,100,后勤部,hello world,wlao@stu.edu.cn
92726,2019-10-01 10:00:00,老王,男,1993-08-30,0,100,后勤部,hello world,wlao@stu.edu.cn
92727,2019-10-02 10:00:00,老王,男,1993-08-31,0,100,后勤部,hello world,wlao@stu.edu.cn
92728,2019-10-03 10:00:00,老王,男,1993-09-01,0,100,后勤部,hello world,wlao@stu.edu.cn
92729,2019-10-04 10:00:00,老王,男,1993-09-02,0,100,后勤部,hello world,wlao@stu.edu.cn
92730,2019-10-05 10:00:00,老王,男,1993-09-03,0,100,后勤部,hello world,wlao@stu.edu.cn
92731,2019-10-06 10:00:00,老王,男,1993-09-04,0,100,后勤部,hello world,wlao@stu.edu.cn
92732,2019-10-07 10:00:00,老王,男,1993-09-05,0,100,后勤部,hello world,wlao@stu.edu.cn
92733,2019-10-08 10:00:00,老王,男,1993-09-06,0,100,后勤部,hello world,wlao@stu.edu.cn
92734,2019-10-09 10:00:00,老王,男,1993-09-07,0,100,后勤部,hello world,wlao@stu.edu.cn
92735,2019-10-10 10:00:00,老王,男,1993-09-08,0,100,后勤部,hello world,wlao@stu.edu.cn
92736,2019-10-11 10:00:00,老王,男,1993-09-09,0,100,后勤部,hello world,wlao@stu.edu.cn
92737,2019-10-12 10:00:00,老王,男,1993-09-10,0,100,后勤部,hello world,wlao@stu.edu.cn
92738,2019-10-13 10:00:00,老王,男,1993-09-11,0,100,后勤部,hello world,wlao@stu.edu.cn
92739,2019-10-14 10:00:00,老王,男,1993-09-12,0,100,后勤部,hello world,wlao@stu.edu.cn
92740,2019-10-15 10:00:00,老王,男,1993-09-13,0,100,后勤部,hello world,wlao@stu.edu.cn
92741,2019-10-16 10:00:00,老王,男,1993-09-14,0,100,后勤部,hello world,wlao@stu.edu.cn
92742,2019-10-17 10:00:00,老王,男,1993-09-15,0,100,后勤部,hello world,wlao@stu.edu.cn
92743,2019-10-18 10:00:00,老王,男,1993-09-16,0,100,后勤部,hello world,wlao@stu.edu.cn
92744,2019-10-19 10:00:00,老王,男,1993-09-17,0,100,后勤部,hello world,wlao@stu.edu.cn
92745,2019-10-20 10:00:00,老王,男,1993-09-18,0,100,后勤部,hello world,wlao@stu.edu.cn
92746,2019-10-21 10:00:00,老王,男,1993-09-19,0,100,后勤部,hello world,wlao@stu.edu.cn
92747,2019-10-22 10:00:00,老王,男,1993-09-20,0,100,后勤部,hello world,wlao@stu.edu.cn
92748,2019-10-23 10:00:00,老王,男,1993-09-21,0,100,后勤部,hello world,wlao@stu.edu.cn
92749,2019-10-24 10:00:00,老王,男,1993-09-22,0,100,后勤部,hello world,wlao@stu.edu.cn
92750,2019-10-25 10:00:00,老王,男,1993-09-23,0,100,后勤部,hello world,wlao@stu.edu.cn
92751,2019-10-26 10:00:00,老王,男,1993-09-24,0,100,后勤部,hello world,wlao@stu.edu.cn
92752,2019-10-27 10:00:00,老王,男,1993-09-25,0,100,后勤部,hello world,wlao@stu.edu.cn
92753,2019-10-28 10:00:00,老王,男,1993-09-26,0,100,后勤部,hello world,wlao@stu.edu.cn
92754,2019-10-29 10:00:00,老王,男,1993-09-27,0,100,后勤部,hello world,wlao@stu.edu.cn
92755,2019-10-30 10:00:00,老王,男,1993-09-28,0,100,后勤部,hello world,wlao@stu.edu.cn
92756,2019-10-31 10:00:00,老王,男,1993-09-29,0,100,后勤部,hello world,wlao@stu.edu.cn
92757,2019-11-01 10:00:00,老王,男,1993-09-30,0,100,后勤部,hello world,wlao@stu.edu.cn
92758,2019-11-02 10:00:00,老王,男,1993-10-01,0,100,后勤部,hello world,wlao@stu.edu.cn
92759,2019-11-03 10:00:00,老王,男,1993-10-02,0,100,后勤部,hello world,wlao@stu.edu.cn
92760,2019-11-04 10:00:00,老王,男,1993-10-03,0,100,后勤部,hello world,wlao@stu.edu.cn
92761,2019-11-05 10:00:00,老王,男,1993-10-04,0,100,后勤部,hello world,wlao@stu.edu.cn
92762,2019-11-06 10:00:00,老王,男,1993-10-05,0,100,后勤部,hello world,wlao@stu.edu.cn
92763,2019-11-07 10:00:00,老王,男,1993-10-06,0,100,后勤部,hello world,wlao@stu.edu.cn
92764,2019-11-08 10:00:00,老王,男,1993-10-07,0,100,后勤部,hello world,wlao@stu.edu.cn
92765,2019-11-09 10:00:00,老王,男,1993-10-08,0,100,后勤部,hello world,wlao@stu.edu.cn
92766,2019-11-10 10:00:00,老王,男,1993-10-09,0,100,后勤部,hello world,wlao@stu.edu.cn
92767,2019-11-11 10:00:00,老王,男,1993-10-10,0,100,后勤部,hello world,wlao@stu.edu.cn
92768,2019-11-12 10:00:00,老王,男,1993-10-11,0,100,后勤部,hello world,wlao@stu.edu.cn
92769,2019-11-13 10:00:00,老王,男,1993-10-12,0,100,后勤部,hello world,wlao@stu.edu.cn
92770,2019-11-14 10:00:00,老王,男,1993-10-13,0,100,后勤部,hello world,wlao@stu.edu.cn
92771,2019-11-15 10:00:00,老王,男,1993-10-14,0,100,后勤部,hello world,wlao@stu.edu.cn
92772,2019-11-16 10:00:00,老王,男,1993-10-15,0,100,后勤部,hello world,wlao@stu.edu.cn
92773,2019-11-17 10:00:00,老王,男,1993-10-16,0,100,后勤部,hello world,wlao@stu.edu.cn
92774,2019-11-18 10:00:00,老王,男,1993-10-17,0,100,后勤部,hello world,wlao@stu.edu.cn
92775,2019-11-19 10:00:00,老王,男,1993-10-18,0,100,后勤部,hello world,wlao@stu.edu.cn
92776,2019-11-20 10:00:00,老王,男,1993-10-19,0,100,后勤部,hello world,wlao@stu.edu.cn
92777,2019-11-21 10:00:00,老王,男,1993-10-20,0,100,后勤部,hello world,wlao@stu.edu.cn
92778,2019-11-22 10:00:00,老王,男,1993-10-21,0,100,后勤部,hello world,wlao@stu.edu.cn
92779,2019-11-23 10:00:00,老王,男,1993-10-22,0,100,后勤部,hello world,wlao@stu.edu.cn
92780,2019-11-24 10:00:00,老王,男,1993-10-23,0,100,后勤部,hello world,wlao@stu.edu.cn
92781,2019-11-25 10:00:00,老王,男,1993-10-24,0,100,后勤部,hello world,wlao@stu.edu.cn
92782,2019-11-26 10:00:00,老王,男,1993-10-25,0,100,后勤部,hello world,wlao@stu.edu.cn
92783,2019-11-27 10:00:00,老王,男,1993-10-26,0,100,后勤部,hello world,wlao@stu.edu.cn
92784,2019-11-28 10:00:00,老王,男,1993-10-27,0,100,后勤部,hello world,wlao@stu.edu.cn
92785,2019-11-29 10:00:00,老王,男,1993-10-28,0,100,后勤部,hello world,wlao@stu.edu.cn
92786,2019-11-30 10:00:00,老王,男,1993-10-29,0,100,后勤部,hello world,wlao@stu.edu.cn
92787,2019-12-01 10:00:00,老王,男,1993-10-30,0,100,后勤部,hello world,wlao@stu.edu.cn
92788,2019-12-02 10:00:00,老王,男,1993-10-31,0,100,后勤部,hello world,wlao@stu.edu.cn
92789,2019-12-03 10:00:00,老王,男,1993-11-01,0,100,后勤部,hello world,wlao@stu.edu.cn
92790,2019-12-04 10:00:00,老王,男,1993-11-02,0,100,后勤部,hello world,wlao@stu.edu.cn
92791,2019-12-05 10:00:00,老王,男,1993-11-03,0,100,后勤部,hello world,wlao@stu.edu.cn
92792,2019-12-06 10:00:00,老王,男,1993-11-04,0,100,后勤部,hello world,wlao@stu.edu.cn
92793,2019-12-07 10:00:00,老王,男,1993-11-05,0,100,后勤部,hello world,wlao@stu.edu.cn
92794,2019-12-08 10:00:00,老王,男,1993-11-06,0,100,后勤部,hello world,wlao@stu.edu.cn
92795,2019-12-09 10:00:00,老王,男,1993-11-07,0,100,后勤部,hello world,wlao@stu.edu.cn
92796,2019-12-10 10:00:00,老王,男,1993-11-08,0,100,后勤部,hello world,wlao@stu.edu.cn
92797,2019-12-11 10:00:00,老王,男,1993-11-09,0,100,后勤部,hello world,wlao@stu.edu.cn
92798,2019-12-12 10:00:00,老王,男,1993-11-10,0,100,后勤部,hello world,wlao@stu.edu.cn
92799,2019-12-13 10:00:00,老王,男,1993-11-11,0,100,后勤部,hello world,wlao@stu.edu.cn
92800,2019-12-14 10:00:00,老王,男,1993-11-12,0,100,后勤部,hello world,wlao@stu.edu.cn
92801,2019-12-15 10:00:00,老王,男,1993-11-13,0,100,后勤部,hello world,wlao@stu.edu.cn
92802,2019-12-16 10:00:00,老王,男,1993-11-14,0,100,后勤部,hello world,wlao@stu.edu.cn
92803,2019-12-17 10:00:00,老王,男,1993-11-15,0,100,后勤部,hello world,wlao@stu.edu.cn
92804,2019-12-18 10:00:00,老王,男,1993-11-16,0,100,后勤部,hello world,wlao@stu.edu.cn
92805,2019-12-19 10:00:00,老王,男,1993-11-17,0,100,后勤部,hello world,wlao@stu.edu.cn
92806,2019-12-20 10:00:00,老王,男,1993-11-18,0,100,后勤部,hello world,wlao@stu.edu.cn
92807,2019-12-21 10:00:00,老王,男,1993-11-19,0,100,后勤部,hello world,wlao@stu.edu.cn
92808,2019-12-22 10:00:00,老王,男,1993-11-20,0,100,后勤部,hello world,wlao@stu.edu.cn
92809,2019-12-23 10:00:00,老王,男,1993-11-21,0,100,后勤部,hello world,wlao@stu.edu.cn
92810,2019-12-24 10:00:00,老王,男,1993-11-22,0,100,后勤部,hello world,wlao@stu.edu.cn
92811,2019-12-25 10:00:00,老王,男,1993-11-23,0,100,后勤部,hello world,wlao@stu.edu.cn
92812,2019-12-26 10:00:00,老王,男,1993-11-24,0,100,后勤部,hello world,wlao@stu.edu.cn
92813,2019-12-27 10:00:00,老王,男,1993-11-25,0,100,后勤部,hello world,wlao@stu.edu.cn
92814,2019-12-28 10:00:00,老王,男,1993-11-26,0,100,后勤部,hello world,wlao@stu.edu.cn
92815,2019-12-29 10:00:00,老王,男,1993-11-27,0,100,后勤部,hello world,wlao@stu.edu.cn
92816,2019-12-30 10:00:00,老王,男,1993-11-28,0,100,后勤部,hello world,wlao@stu.edu.cn
92817,2019-12-31 10:00:00,老王,男,1993-11-29,0,100,后勤部,hello world,wlao@stu.edu.cn
92818,2020-01-01 10:00:00,老王,男,1993-11-30,0,100,后勤部,hello world,wlao@stu.edu.cn
92819,2020-01-02 10:00:00,老王,男,1993-12-01,0,100,后勤部,hello world,wlao@stu.edu.cn
92820,2020-01-03 10:00:00,老王,男,1993-12-02,0,100,后勤部,hello world,wlao@stu.edu.cn
92821,2020-01-04 10:00:00,老王,男,1993-12-03,0,100,后勤部,hello world,wlao@stu.edu.cn
92822,2020-01-05 10:00:00,老王,男,1993-12-04,0,100,后勤部,hello world,wlao@stu.edu.cn
92823,2020-01-06 10:00:00,老王,男,1993-12-05,0,100,后勤部,hello world,wlao@stu.edu.cn
92824,2020-01-07 10:00:00,老王,男,1993-12-06,0,100,后勤部,hello world,wlao@stu.edu.cn
92825,2020-01-08 10:00:00,老王,男,1993-12-07,0,100,后勤部,hello world,wlao@stu.edu.cn
92826,2020-01-09 10:00:00,老王,男,1993-12-08,0,100,后勤部,hello world,wlao@stu.edu.cn
92827,2020-01-10 10:00:00,老王,男,1993-12-09,0,100,后勤部,hello world,wlao@stu.edu.cn
92828,2020-01-11 10:00:00,老王,男,1993-12-10,0,100,后勤部,hello world,wlao@stu.edu.cn
92829,2020-01-12 10:00:00,老王,男,1993-12-11,0,100,后勤部,hello world,wlao@stu.edu.cn
92830,2020-01-13 10:00:00,老王,男,1993-12-12,0,100,后勤部,hello world,wlao@stu.edu.cn
92831,2020-01-14 10:00:00,老王,男,1993-12-13,0,100,后勤部,hello world,wlao@stu.edu.cn
92832,2020-01-15 10:00:00,老王,男,1993-12-14,0,100,后勤部,hello world,wlao@stu.edu.cn
92833,2020-01-16 10:00:00,老王,男,1993-12-15,0,100,后勤部,hello world,wlao@stu.edu.cn
92834,2020-01-17 10:00:00,老王,男,1993-12-16,0,100,后勤部,hello world,wlao@stu.edu.cn
92835,2020-01-18 10:00:00,老王,男,1993-12-17,0,100,后勤部,hello world,wlao@stu.edu.cn
92836,2020-01-19 10:00:00,老王,男,1993-12-18,0,100,后勤部,hello world,wlao@stu.edu.cn
92837,2020-01-20 10:00:00,老王,男,1993-12-19,0,100,后勤部,hello world,wlao@stu.edu.cn
92838,2020-01-21 10:00:00,老王,男,1993-12-20,0,100,后勤部,hello world,wlao@stu.edu.cn
92839,2020-01-22 10:00:00,老王,男,1993-12-21,0,100,后勤部,hello world,wlao@stu.edu.cn
92840,2020-01-23 10:00:00,老王,男,1993-12-22,0,100,后勤部,hello world,wlao@stu.edu.cn
92841,2020-01-24 10:00:00,老王,男,1993-12-23,0,100,后勤部,hello world,wlao@stu.edu.cn
92842,2020-01-25 10:00:00,老王,男,1993-12-24,0,100,后勤部,hello world,wlao@stu.edu.cn
92843,2020-01-26 10:00:00,老王,男,1993-12-25,0,100,后勤部,hello world,wlao@stu.edu.cn
92844,2020-01-27 10:00:00,老王,男,1993-12-26,0,100,后勤部,hello world,wlao@stu.edu.cn
92845,2020-01-28 10:00:00,老王,男,1993-12-27,0,100,后勤部,hello world,wlao@stu.edu.cn
92846,2020-01-29 10:00:00,老王,男,1993-12-28,0,100,后勤部,hello world,wlao@stu.edu.cn
92847,2020-01-30 10:00:00,老王,男,1993-12-29,0,100,后勤部,hello world,wlao@stu.edu.cn
92848,2020-01-31 10:00:00,老王,男,1993-12-30,0,100,后勤部,hello world,wlao@stu.edu.cn
92849,2020-02-01 10:00:00,老王,男,1993-12-31,0,100,后勤部,hello world,wlao@stu.edu.cn
92850,2020-02-02 10:00:00,老王,男,1994-01-01,0,100,后勤部,hello world,wlao@stu.edu.cn
92851,2020-02-03 10:00:00,老王,男,1994-01-02,0,100,后勤部,hello world,wlao@stu.edu.cn
92852,2020-02-04 10:00:00,老王,男,1994-01-03,0,100,后勤部,hello world,wlao@stu.edu.cn
92853,2020-02-05 10:00:00,老王,男,1994-01-04,0,100,后勤部,hello world,wlao@stu.edu.cn
92854,2020-02-06 10:00:00,老王,男,1994-01-05,0,100,后勤部,hello world,wlao@stu.edu.cn
92855,2020-02-07 10:00:00,老王,男,1994-01-06,0,100,后勤部,hello world,wlao@stu.edu.cn
92856,2020-02-08 10:00:00,老王,男,1994-01-07,0,100,后勤部,hello world,wlao@stu.edu.cn
92857,2020-02-09 10:00:00,老王,男,1994-01-08,0,100,后勤部,hello world,wlao@stu.edu.cn
92858,2020-02-10 10:00:00,老王,男,1994-01-09,0,100,后勤部,hello world,wlao@stu.edu.cn
92859,2020-02-11 10:00:00,老王,男,1994-01-10,0,100,后勤部,hello world,wlao@stu.edu.cn
92860,2020-02-12 10:00:00,老王,男,1994-01-11,0,100,后勤部,hello world,wlao@stu.edu.cn
92861,2020-02-13 10:00:00,老王,男,1994-01-12,0,100,后勤部,hello world,wlao@stu.edu.cn
92862,2020-02-14 10:00:00,老王,男,1994-01-13,0,100,后勤部,hello world,wlao@stu.edu.cn
92863,2020-02-15 10:00:00,老王,男,1994-01-14,0,100,后勤部,hello world,wlao@stu.edu.cn
92864,2020-02-16 10:00:00,老王,男,1994-01-15,0,100,后勤部,hello world,wlao@stu.edu.cn
92865,2020-02-17 10:00:00,老王,男,1994-01-16,0,100,后勤部,hello world,wlao@stu.edu.cn
92866,2020-02-18 10:00:00,老王,男,1994-01-17,0,100,后勤部,hello world,wlao@stu.edu.cn
92867,2020-02-19 10:00:00,老王,男,1994-01-18,0,100,后勤部,hello world,wlao@stu.edu.cn
92868,2020-02-20 10:00:00,老王,男,1994-01-19,0,100,后勤部,hello world,wlao@stu.edu.cn
92869,2020-02-21 10:00:00,老王,男,1994-01-20,0,100,后勤部,hello world,wlao@stu.edu.cn
92870,2020-02-22 10:00:00,老王,男,1994-01-21,0,100,后勤部,hello world,wlao@stu.edu.cn
92871,2020-02-23 10:00:00,老王,男,1994-01-22,0,100,后勤部,hello world,wlao@stu.edu.cn
92872,2020-02-24 10:00:00,老王,男,1994-01-23,0,100,后勤部,hello world,wlao@stu.edu.cn
92873,2020-02-25 10:00:00,老王,男,1994-01-24,0,100,后勤部,hello world,wlao@stu.edu.cn
92874,2020-02-26 10:00:00,老王,男,1994-01-25,0,100,后勤部,hello world,wlao@stu.edu.cn
92875,2020-02-27 10:00:00,老王,男,1994-01-26,0,100,后勤部,hello world,wlao@stu.edu.cn
92876,2020-02-28 10:00:00,老王,男,1994-01-27,0,100,后勤部,hello world,wlao@stu.edu.cn
92877,2020-02-29 10:00:00,老王,男,1994-01-28,0,100,后勤部,hello world,wlao@stu.edu.cn
92878,2020-03-01 10:00:00,老王,男,1994-01-29,0,100,后勤部,hello world,wlao@stu.edu.cn
92879,2020-03-02 10:00:00,老王,男,1994-01-30,0,100,后勤部,hello world,wlao@stu.edu.cn
92880,2020-03-03 10:00:00,老王,男,1994-01-31,0,100,后勤部,hello world,wlao@stu.edu.cn
92881,2020-03-04 10:00:00,老王,男,1994-02-01,0,100,后勤部,hello world,wlao@stu.edu.cn
92882,2020-03-05 10:00:00,老王,男,1994-02-02,0,100,后勤部,hello world,wlao@stu.edu.cn
92883,2020-03-06 10:00:00,老王,男,1994-02-03,0,100,后勤部,hello world,wlao@stu.edu.cn
92884,2020-03-07 10:00:00,老王,男,1994-02-04,0,100,后勤部,hello world,wlao@stu.edu.cn
92885,2020-03-08 10:00:00,老王,男,1994-02-05,0,100,后勤部,hello world,wlao@stu.edu.cn
92886,2020-03-09 10:00:00,老王,男,1994-02-06,0,100,后勤部,hello world,wlao@stu.edu.cn
92887,2020-03-10 10:00:00,老王,男,1994-02-07,0,100,后勤部,hello world,wlao@stu.edu.cn
92888,2020-03-11 10:00:00,老王,男,1994-02-08,0,100,后勤部,hello world,wlao@stu.edu.cn
92889,2020-03-12 10:00:00,老王,男,1994-02-09,0,100,后勤部,hello world,wlao@stu.edu.cn
92890,2020-03-13 10:00:00,老王,男,1994-02-10,0,100,后勤部,hello world,wlao@stu.edu.cn
92891,2020-03-14 10:00:00,老王,男,1994-02-11,0,100,后勤部,hello world,wlao@stu.edu.cn
92892,2020-03-15 10:00:00,老王,男,1994-02-12,0,100,后勤部,hello world,wlao@stu.edu.cn
92893,2020-03-16 10:00:00,老王,男,1994-02-13,0,100,后勤部,hello world,wlao@stu.edu.cn
92894,2020-03-17 10:00:00,老王,男,1994-02-14,0,100,后勤部,hello world,wlao@stu.edu.cn
92895,2020-03-18 10:00:00,老王,男,1994-02-15,0,100,后勤部,hello world,wlao@stu.edu.cn
92896,2020-03-19 10:00:00,老王,男,1994-02-16,0,100,后勤部,hello world,wlao@stu.edu.cn
92897,2020-03-20 10:00:00,老王,男,1994-02-17,0,100,后勤部,hello world,wlao@stu.edu.cn
92898,2020-03-21 10:00:00,老王,男,1994-02-18,0,100,后勤部,hello world,wlao@stu.edu.cn
92899,2020-03-22 10:00:00,老王,男,1994-02-19,0,100,后勤部,hello world,wlao@stu.edu.cn
92900,2020-03-23 10:00:00,老王,男,1994-02-20,0,100,后勤部,hello world,wlao@stu.edu.cn
92901,2020-03-24 10:00:00,老王,男,1994-02-21,0,100,后勤部,hello world,wlao@stu.edu.cn
92902,2020-03-25 10:00:00,老王,男,1994-02-22,0,100,后勤部,hello world,wlao@stu.edu.cn
92903,2020-03-26 10:00:00,老王,男,1994-02-23,0,100,后勤部,hello world,wlao@stu.edu.cn
92904,2020-03-27 10:00:00,老王,男,1994-02-24,0,100,后勤部,hello world,wlao@stu.edu.cn
92905,2020-03-28 10:00:00,老王,男,1994-02-25,0,100,后勤部,hello world,wlao@stu.edu.cn
92906,2020-03-29 10:00:00,老王,男,1994-02-26,0,100,后勤部,hello world,wlao@stu.edu.cn
92907,2020-03-30 10:00:00,老王,男,1994-02-27,0,100,后勤部,hello world,wlao@stu.edu.cn
92908,2020-03-31 10:00:00,老王,男,1994-02-28,0,100,后勤部,hello world,wlao@stu.edu.cn
92909,2020-04-01 10:00:00,老王,男,1994-03-01,0,100,后勤部,hello world,wlao@stu.edu.cn
92910,2020-04-02 10:00:00,老王,男,1994-03-02,0,100,后勤部,hello world,wlao@stu.edu.cn
92911,2020-04-03 10:00:00,老王,男,1994-03-03,0,100,后勤部,hello world,wlao@stu.edu.cn
92912,2020-04-04 10:00:00,老王,男,1994-03-04,0,100,后勤部,hello world,wlao@stu.edu.cn
92913,2020-04-05 10:00:00,老王,男,1994-03-05,0,100,后勤部,hello world,wlao@stu.edu.cn
92914,2020-04-06 10:00:00,老王,男,1994-03-06,0,100,后勤部,hello world,wlao@stu.edu.cn
92915,2020-04-07 10:00:00,老王,男,1994-03-07,0,100,后勤部,hello world,wlao@stu.edu.cn
92916,2020-04-08 10:00:00,老王,男,1994-03-08,0,100,后勤部,hello world,wlao@stu.edu.cn
92917,2020-04-09 10:00:00,老王,男,1994-03-09,0,100,后勤部,hello world,wlao@stu.edu.cn
92918,2020-04-10 10:00:00,老王,男,1994-03-10,0,100,后勤部,hello world,wlao@stu.edu.cn
92919,2020-04-11 10:00:00,老王,男,1994-03-11,0,100,后勤部,hello world,wlao@stu.edu.cn
92920,2020-04-12 10:00:00,老王,男,1994-03-12,0,100,后勤部,hello world,wlao@stu.edu.cn
92921,2020-04-13 10:00:00,老王,男,1994-03-13,0,100,后勤部,hello world,wlao@stu.edu.cn
92922,2020-04-14 10:00:00,老王,男,1994-03-14,0,100,后勤部,hello world,wlao@stu.edu.cn
92923,2020-04-15 10:00:00,老王,男,1994-03-15,0,100,后勤部,hello world,wlao@stu.edu.cn
92924,2020-04-16 10:00:00,老王,男,1994-03-16,0,100,后勤部,hello world,wlao@stu.edu.cn
92925,2020-04-17 10:00:00,老王,男,1994-03-17,0,100,后勤部,hello world,wlao@stu.edu.cn
92926,2020-04-18 10:00:00,老王,男,1994-03-18,0,100,后勤部,hello world,wlao@stu.edu.cn
92927,2020-04-19 10:00:00,老王,男,1994-03-19,0,100,后勤部,hello world,wlao@stu.edu.cn
92928,2020-04-20 10:00:00,老王,男,1994-03-20,0,100,后勤部,hello world,wlao@stu.edu.cn
92929,2020-04-21 10:00:00,老王,男,1994-03-21,0,100,后勤部,hello world,wlao@stu.edu.cn
92930,2020-04-22 10:00:00,老王,男,1994-03-22,0,100,后勤部,hello world,wlao@stu.edu.cn
92931,2020-04-23 10:00:00,老王,男,1994-03-23,0,100,后勤部,hello world,wlao@stu.edu.cn
92932,2020-04-24 10:00:00,老王,男,1994-03-24,0,100,后勤部,hello world,wlao@stu.edu.cn
92933,2020-04-25 10:00:00,老王,男,1994-03-25,0,100,后勤部,hello world,wlao@stu.edu.cn
92934,2020-04-26 10:00:00,老王,男,1994-03-26,0,100,后勤部,hello world,wlao@stu.edu.cn
92935,2020-04-27 10:00:00,老王,男,1994-03-27,0,100,后勤部,hello world,wlao@stu.edu.cn
92936,2020-04-28 10:00:00,老王,男,1994-03-28,0,100,后勤部,hello world,wlao@stu.edu.cn
92937,2020-04-29 10:00:00,老王,男,1994-03-29,0,100,后勤部,hello world,wlao@stu.edu.cn
92938,2020-04-30 10:00:00,老王,男,1994-03-30,0,100,后勤部,hello world,wlao@stu.edu.cn
92939,2020-05-01 10:00:00,老王,男,1994-03-31,0,100,后勤部,hello world,wlao@stu.edu.cn
92940,2020-05-02 10:00:00,老王,男,1994-04-01,0,100,后勤部,hello world,wlao@stu.edu.cn
92941,2020-05-03 10:00:00,老王,男,1994-04-02,0,100,后勤部,hello world,wlao@stu.edu.cn
92942,2020-05-04 10:00:00,老王,男,1994-04-03,0,100,后勤部,hello world,wlao@stu.edu.cn
92943,2020-05-05 10:00:00,老王,男,1994-04-04,0,100,后勤部,hello world,wlao@stu.edu.cn
92944,2020-05-06 10:00:00,老王,男,1994-04-05,0,100,后勤部,hello world,wlao@stu.edu.cn
92945,2020-05-07 10:00:00,老王,男,1994-04-06,0,100,后勤部,hello world,wlao@stu.edu.cn
92946,2020-05-08 10:00:00,老王,男,1994-04-07,0,100,后勤部,hello world,wlao@stu.edu.cn
92947,2020-05-09 10:00:00,老王,男,1994-04-08,0,100,后勤部,hello world,wlao@stu.edu.cn
92948,2020-05-10 10:00:00,老王,男,1994-04-09,0,100,后勤部,hello world,wlao@stu.edu.cn
92949,2020-05-11 10:00:00,老王,男,1994-04-10,0,100,后勤部,hello world,wlao@stu.edu.cn
92950,2020-05-12 10:00:00,老王,男,1994-04-11,0,100,后勤部,hello world,wlao@stu.edu.cn
92951,2020-05-13 10:00:00,老王,男,1994-04-12,0,100,后勤部,hello world,wlao@stu.edu.cn
92952,2020-05-14 10:00:00,老王,男,1994-04-13,0,100,后勤部,hello world,wlao@stu.edu.cn
92953,2020-05-15 10:00:00,老王,男,1994-04-14,0,100,后勤部,hello world,wlao@stu.edu.cn
92954,2020-05-16 10:00:00,老王,男,1994-04-15,0,100,后勤部,hello world,wlao@stu.edu.cn
92955,2020-05-17 10:00:00,老王,男,1994-04-16,0,100,后勤部,hello world,wlao@stu.edu.cn
92956,2020-05-18 10:00:00,老王,男,1994-04-17,0,100,后勤部,hello world,wlao@stu.edu.cn
92957,2020-05-19 10:00:00,老王,男,1994-04-18,0,100,后勤部,hello world,wlao@stu.edu.cn
92958,2020-05-20 10:00:00,老王,男,1994-04-19,0,100,后勤部,hello world,wlao@stu.edu.cn
92959,2020-05-21 10:00:00,老王,男,1994-04-20,0,100,后勤部,hello world,wlao@stu.edu.cn
92960,2020-05-22 10:00:00,老王,男,1994-04-21,0,100,后勤部,hello world,wlao@stu.edu.cn
92961,2020-05-23 10:00:00,老王,男,1994-04-22,0,100,后勤部,hello world,wlao@stu.edu.cn
92962,2020-05-24 10:00:00,老王,男,1994-04-23,0,100,后勤部,hello world,wlao@stu.edu.cn
92963,2020-05-25 10:00:00,老王,男,1994-04-24,0,100,后勤部,hello world,wlao@stu.edu.cn
92964,2020-05-26 10:00:00,老王,男,1994-04-25,0,100,后勤部,hello world,wlao@stu.edu.cn
92965,2020-05-27 10:00:00,老王,男,1994-04-26,0,100,后勤部,hello world,wlao@stu.edu.cn
92966,2020-05-28 10:00:00,老王,男,1994-04-27,0,100,后勤部,hello world,wlao@stu.edu.cn
92967,2020-05-29 10:00:00,老王,男,1994-04-28,0,100,后勤部,hello world,wlao@stu.edu.cn
92968,2020-05-30 10:00:00,老王,男,1994-04-29,0,100,后勤部,hello world,wlao@stu.edu.cn
92969,2020-05-31 10:00:00,老王,男,1994-04-30,0,100,后勤部,hello world,wlao@stu.edu.cn
92970,2020-06-01 10:00:00,老王,男,1994-05-01,0,100,后勤部,hello world,wlao@stu.edu.cn
92971,2020-06-02 10:00:00,老王,男,1994-05-02,0,100,后勤部,hello world,wlao@stu.edu.cn
92972,2020-06-03 10:00:00,老王,男,1994-05-03,0,100,后勤部,hello world,wlao@stu.edu.cn
92973,2020-06-04 10:00:00,老王,男,1994-05-04,0,100,后勤部,hello world,wlao@stu.edu.cn
92974,2020-06-05 10:00:00,老王,男,1994-05-05,0,100,后勤部,hello world,wlao@stu.edu.cn
92975,2020-06-06 10:00:00,老王,男,1994-05-06,0,100,后勤部,hello world,wlao@stu.edu.cn
92976,2020-06-07 10:00:00,老王,男,1994-05-07,0,100,后勤部,hello world,wlao@stu.edu.cn
92977,2020-06-08 10:00:00,老王,男,1994-05-08,0,100,后勤部,hello world,wlao@stu.edu.cn
92978,2020-06-09 10:00:00,老王,男,1994-05-09,0,100,后勤部,hello world,wlao@stu.edu.cn
92979,2020-06-10 10:00:00,老王,男,1994-05-10,0,100,后勤部,hello world,wlao@stu.edu.cn
92980,2020-06-11 10:00:00,老王,男,1994-05-11,0,100,后勤部,hello world,wlao@stu.edu.cn
92981,2020-06-12 10:00:00,老王,男,1994-05-12,0,100,后勤部,hello world,wlao@stu.edu.cn
92982,2020-06-13 10:00:00,老王,男,1994-05-13,0,100,后勤部,hello world,wlao@stu.edu.cn
92983,2020-06-14 10:00:00,老王,男,1994-05-14,0,100,后勤部,hello world,wlao@stu.edu.cn
92984,2020-06-15 10:00:00,老王,男,1994-05-15,0,100,后勤部,hello world,wlao@stu.edu.cn
92985,2020-06-16 10:00:00,老王,男,1994-05-16,0,100,后勤部,hello world,wlao@stu.edu.cn
92986,2020-06-17 10:00:00,老王,男,1994-05-17,0,100,后勤部,hello world,wlao@stu.edu.cn
92987,2020-06-18 10:00:00,老王,男,1994-05-18,0,100,后勤部,hello world,wlao@stu.edu.cn
92988,2020-06-19 10:00:00,老王,男,1994-05-19,0,100,后勤部,hello world,wlao@stu.edu.cn
92989,2020-06-20 10:00:00,老王,男,1994-05-20,0,100,后勤部,hello world,wlao@stu.edu.cn
92990,2020-06-21 10:00:00,老王,男,1994-05-21,0,100,后勤部,hello world,wlao@stu.edu.cn
92991,2020-06-22 10:00:00,老王,男,1994-05-22,0,100,后勤部,hello world,wlao@stu.edu.cn
92992,2020-06-23 10:00:00,老王,男,1994-05-23,0,100,后勤部,hello world,wlao@stu.edu.cn
92993,2020-06-24 10:00:00,老王,男,1994-05-24,0,100,后勤部,hello world,wlao@stu.edu.cn
92994,2020-06-25 10:00:00,老王,男,1994-05-25,0,100,后勤部,hello world,wlao@stu.edu.cn
92995,2020-06-26 10:00:00,老王,男,1994-05-26,0,100,后勤部,hello world,wlao@stu.edu.cn
92996,2020-06-27 10:00:00,老王,男,1994-05-27,0,100,后勤部,hello world,wlao@stu.edu.cn
92997,2020-06-28 10:00:00,老王,男,1994-05-28,0,100,后勤部,hello world,wlao@stu.edu.cn
92998,2020-06-29 10:00:00,老王,男,1994-05-29,0,100,后勤部,hello world,wlao@stu.edu.cn
92999,2020-06-30 10:00:00,老王,男,1994-05-30,0,100,后勤部,hello world,wlao@stu.edu.cn
93000,2020-07-01 10:00:00,老王,男,1994-05-31,0,100,后勤部,hello world,wlao@stu.edu.cn
93001,2020-07-02 10:00:00,老王,男,1994-06-01,0,100,后勤部,hello world,wlao@stu.edu.cn
93002,2020-07-03 10:00:00,老王,男,1994-06-02,0,100,后勤部,hello world,wlao@stu.edu.cn
93003,2020-07-04 10:00:00,老王,男,1994-06-03,0,100,后勤部,hello world,wlao@stu.edu.cn
93004,2020-07-05 10:00:00,老王,男,1994-06-04,0,100,后勤部,hello world,wlao@stu.edu.cn
93005,2020-07-06 10:00:00,老王,男,1994-06-05,0,100,后勤部,hello world,wlao@stu.edu.cn
93006,2020-07-07 10:00:00,老王,男,1994-06-06,0,100,后勤部,hello world,wlao@stu.edu.cn
93007,2020-07-08 10:00:00,老王,男,1994-06-07,0,100,后勤部,hello world,wlao@stu.edu.cn
93008,2020-07-09 10:00:00,老王,男,1994-06-08,0,100,后勤部,hello world,wlao@stu.edu.cn
93009,2020-07-10 10:00:00,老王,男,1994-06-09,0,100,后勤部,hello world,wlao@stu.edu.cn
93010,2020-07-11 10:00:00,老王,男,1994-06-10,0,100,后勤部,hello world,wlao@stu.edu.cn
93011,2020-07-12 10:00:00,老王,男,1994-06-11,0,100,后勤部,hello world,wlao@stu.edu.cn
93012,2020-07-13 10:00:00,老王,男,1994-06-12,0,100,后勤部,hello world,wlao@stu.edu.cn
93013,2020-07-14 10:00:00,老王,男,1994-06-13,0,100,后勤部,hello world,wlao@stu.edu.cn
93014,2020-07-15 10:00:00,老王,男,1994-06-14,0,100,后勤部,hello world,wlao@stu.edu.cn
93015,2020-07-16 10:00:00,老王,男,1994-06-15,0,100,后勤部,hello world,wlao@stu.edu.cn
93016,2020-07-17 10:00:00,老王,男,1994-06-16,0,100,后勤部,hello world,wlao@stu.edu.cn
93017,2020-07-18 10:00:00,老王,男,1994-06-17,0,100,后勤部,hello world,wlao@stu.edu.cn
93018,2020-07-19 10:00:00,老王,男,1994-06-18,0,100,后勤部,hello world,wlao@stu.edu.cn
93019,2020-07-20 10:00:00,老王,男,1994-06-19,0,100,后勤部,hello world,wlao@stu.edu.cn
93020,2020-07-21 10:00:00,老王,男,1994-06-20,0,100,后勤部,hello world,wlao@stu.edu.cn
93021,2020-07-22 10:00:00,老王,男,1994-06-21,0,100,后勤部,hello world,wlao@stu.edu.cn
93022,2020-07-23 10:00:00,老王,男,1994-06-22,0,100,后勤部,hello world,wlao@stu.edu.cn
93023,2020-07-24 10:00:00,老王,男,1994-06-23,0,100,后勤部,hello world,wlao@stu.edu.cn
93024,2020-07-25 10:00:00,老王,男,1994-06-24,0,100,后勤部,hello world,wlao@stu.edu.cn
93025,2020-07-26 10:00:00,老王,男,1994-06-25,0,100,后勤部,hello world,wlao@stu.edu.cn
93026,2020-07-27 10:00:00,老王,男,1994-06-26,0,100,后勤部,hello world,wlao@stu.edu.cn
93027,2020-07-28 10:00:00,老王,男,1994-06-27,0,100,后勤部,hello world,wlao@stu.edu.cn
93028,2020-07-29 10:00:00,老王,男,1994-06-28,0,100,后勤部,hello world,wlao@stu.edu.cn
93029,2020-07-30 10:00:00,老王,男,1994-06-29,0,100,后勤部,hello world,wlao@stu.edu.cn
93030,2020-07-31 10:00:00,老王,男,1994-06-30,0,100,后勤部,hello world,wlao@stu.edu.cn
93031,2020-08-01 10:00:00,老王,男,1994-07-01,0,100,后勤部,hello world,wlao@stu.edu.cn
93032,2020-08-02 10:00:00,老王,男,1994-07-02,0,100,后勤部,hello world,wlao@stu.edu.cn
93033,2020-08-03 10:00:00,老王,男,1994-07-03,0,100,后勤部,hello world,wlao@stu.edu.cn
93034,2020-08-04 10:00:00,老王,男,1994-07-04,0,100,后勤部,hello world,wlao@stu.edu.cn
93035,2020-08-05 10:00:00,老王,男,1994-07-05,0,100,后勤部,hello world,wlao@stu.edu.cn
93036,2020-08-06 10:00:00,老王,男,1994-07-06,0,100,后勤部,hello world,wlao@stu.edu.cn
93037,2020-08-07 10:00:00,老王,男,1994-07-07,0,100,后勤部,hello world,wlao@stu.edu.cn
93038,2020-08-08 10:00:00,老王,男,1994-07-08,0,100,后勤部,hello world,wlao@stu.edu.cn
93039,2020-08-09 10:00:00,老王,男,1994-07-09,0,100,后勤部,hello world,wlao@stu.edu.cn
93040,2020-08-10 10:00:00,老王,男,1994-07-10,0,100,后勤部,hello world,wlao@stu.edu.cn
93041,2020-08-11 10:00:00,老王,男,1994-07-11,0,100,后勤部,hello world,wlao@stu.edu.cn
93042,2020-08-12 10:00:00,老王,男,1994-07-12,0,100,后勤部,hello world,wlao@stu.edu.cn
93043,2020-08-13 10:00:00,老王,男,1994-07-13,0,100,后勤部,hello world,wlao@stu.edu.cn
93044,2020-08-14 10:00:00,老王,男,1994-07-14,0,100,后勤部,hello world,wlao@stu.edu.cn
93045,2020-08-15 10:00:00,老王,男,1994-07-15,0,100,后勤部,hello world,wlao@stu.edu.cn
93046,2020-08-16 10:00:00,老王,男,1994-07-16,0,100,后勤部,hello world,wlao@stu.edu.cn
93047,2020-08-17 10:00:00,老王,男,1994-07-17,0,100,后勤部,hello world,wlao@stu.edu.cn
93048,2020-08-18 10:00:00,老王,男,1994-07-18,0,100,后勤部,hello world,wlao@stu.edu.cn
93049,2020-08-19 10:00:00,老王,男,1994-07-19,0,100,后勤部,hello world,wlao@stu.edu.cn
93050,2020-08-20 10:00:00,老王,男,1994-07-20,0,100,后勤部,hello world,wlao@stu.edu.cn
93051,2020-08-21 10:00:00,老王,男,1994-07-21,0,100,后勤部,hello world,wlao@stu.edu.cn
93052,2020-08-22 10:00:00,老王,男,1994-07-22,0,100,后勤部,hello world,wlao@stu.edu.cn
93053,2020-08-23 10:00:00,老王,男,1994-07-23,0,100,后勤部,hello world,wlao@stu.edu.cn
93054,2020-08-24 10:00:00,老王,男,1994-07-24,0,100,后勤部,hello world,wlao@stu.edu.cn
93055,2020-08-25 10:00:00,老王,男,1994-07-25,0,100,后勤部,hello world,wlao@stu.edu.cn
93056,2020-08-26 10:00:00,老王,男,1994-07-26,0,100,后勤部,hello world,wlao@stu.edu.cn
93057,2020-08-27 10:00:00,老王,男,1994-07-27,0,100,后勤部,hello world,wlao@stu.edu.cn
93058,2020-08-28 10:00:00,老王,男,1994-07-28,0,100,后勤部,hello world,wlao@stu.edu.cn
93059,2020-08-29 10:00:00,老王,男,1994-07-29,0,100,后勤部,hello world,wlao@stu.edu.cn
93060,2020-08-30 10:00:00,老王,男,1994-07-30,0,100,后勤部,hello world,wlao@stu.edu.cn
93061,2020-08-31 10:00:00,老王,男,1994-07-31,0,100,后勤部,hello world,wlao@stu.edu.cn
93062,2020-09-01 10:00:00,老王,男,1994-08-01,0,100,后勤部,hello world,wlao@stu.edu.cn
93063,2020-09-02 10:00:00,老王,男,1994-08-02,0,100,后勤部,hello world,wlao@stu.edu.cn
93064,2020-09-03 10:00:00,老王,男,1994-08-03,0,100,后勤部,hello world,wlao@stu.edu.cn
93065,2020-09-04 10:00:00,老王,男,1994-08-04,0,100,后勤部,hello world,wlao@stu.edu.cn
93066,2020-09-05 10:00:00,老王,男,1994-08-05,0,100,后勤部,hello world,wlao@stu.edu.cn
93067,2020-09-06 10:00:00,老王,男,1994-08-06,0,100,后勤部,hello world,wlao@stu.edu.cn
93068,2020-09-07 10:00:00,老王,男,1994-08-07,0,100,后勤部,hello world,wlao@stu.edu.cn
93069,2020-09-08 10:00:00,老王,男,1994-08-08,0,100,后勤部,hello world,wlao@stu.edu.cn
93070,2020-09-09 10:00:00,老王,男,1994-08-09,0,100,后勤部,hello world,wlao@stu.edu.cn
93071,2020-09-10 10:00:00,老王,男,1994-08-10,0,100,后勤部,hello world,wlao@stu.edu.cn
93072,2020-09-11 10:00:00,老王,男,1994-08-11,0,100,后勤部,hello world,wlao@stu.edu.cn
93073,2020-09-12 10:00:00,老王,男,1994-08-12,0,100,后勤部,hello world,wlao@stu.edu.cn
93074,2020-09-13 10:00:00,老王,男,1994-08-13,0,100,后勤部,hello world,wlao@stu.edu.cn
93075,2020-09-14 10:00:00,老王,男,1994-08-14,0,100,后勤部,hello world,wlao@stu.edu.cn
93076,2020-09-15 10:00:00,老王,男,1994-08-15,0,100,后勤部,hello world,wlao@stu.edu.cn
93077,2020-09-16 10:00:00,老王,男,1994-08-16,0,100,后勤部,hello world,wlao@stu.edu.cn
93078,2020-09-17 10:00:00,老王,男,1994-08-17,0,100,后勤部,hello world,wlao@stu.edu.cn
93079,2020-09-18 10:00:00,老王,男,1994-08-18,0,100,后勤部,hello world,wlao@stu.edu.cn
93080,2020-09-19 10:00:00,老王,男,1994-08-19,0,100,后勤部,hello world,wlao@stu.edu.cn
93081,2020-09-20 10:00:00,老王,男,1994-08-20,0,100,后勤部,hello world,wlao@stu.edu.cn
93082,2020-09-21 10:00:00,老王,男,1994-08-21,0,100,后勤部,hello world,wlao@stu.edu.cn
93083,2020-09-22 10:00:00,老王,男,1994-08-22,0,100,后勤部,hello world,wlao@stu.edu.cn
93084,2020-09-23 10:00:00,老王,男,1994-08-23,0,100,后勤部,hello world,wlao@stu.edu.cn
93085,2020-09-24 10:00:00,老王,男,1994-08-24,0,100,后勤部,hello world,wlao@stu.edu.cn
93086,2020-09-25 10:00:00,老王,男,1994-08-25,0,100,后勤部,hello world,wlao@stu.edu.cn
93087,2020-09-26 10:00:00,老王,男,1994-08-26,0,100,后勤部,hello world,wlao@stu.edu.cn
93088,2020-09-27 10:00:00,老王,男,1994-08-27,0,100,后勤部,hello world,wlao@stu.edu.cn
93089,2020-09-28 10:00:00,老王,男,1994-08-28,0,100,后勤部,hello world,wlao@stu.edu.cn
93090,2020-09-29 10:00:00,老王,男,1994-08-29,0,100,后勤部,hello world,wlao@stu.edu.cn
93091,2020-09-30 10:00:00,老王,男,1994-08-30,0,100,后勤部,hello world,wlao@stu.edu.cn
93092,2020-10-01 10:00:00,老王,男,1994-08-31,0,100,后勤部,hello world,wlao@stu.edu.cn
93093,2020-10-02 10:00:00,老王,男,1994-09-01,0,100,后勤部,hello world,wlao@stu.edu.cn
93094,2020-10-03 10:00:00,老王,男,1994-09-02,0,100,后勤部,hello world,wlao@stu.edu.cn
93095,2020-10-04 10:00:00,老王,男,1994-09-03,0,100,后勤部,hello world,wlao@stu.edu.cn
93096,2020-10-05 10:00:00,老王,男,1994-09-04,0,100,后勤部,hello world,wlao@stu.edu.cn
93097,2020-10-06 10:00:00,老王,男,1994-09-05,0,100,后勤部,hello world,wlao@stu.edu.cn
93098,2020-10-07 10:00:00,老王,男,1994-09-06,0,100,后勤部,hello world,wlao@stu.edu.cn
93099,2020-10-08 10:00:00,老王,男,1994-09-07,0,100,后勤部,hello world,wlao@stu.edu.cn
93100,2020-10-09 10:00:00,老王,男,1994-09-08,0,100,后勤部,hello world,wlao@stu.edu.cn
93101,2020-10-10 10:00:00,老王,男,1994-09-09,0,100,后勤部,hello world,wlao@stu.edu.cn
93102,2020-10-11 10:00:00,老王,男,1994-09-10,0,100,后勤部,hello world,wlao@stu.edu.cn
93103,2020-10-12 10:00:00,老王,男,1994-09-11,0,100,后勤部,hello world,wlao@stu.edu.cn
93104,2020-10-13 10:00:00,老王,男,1994-09-12,0,100,后勤部,hello world,wlao@stu.edu.cn
93105,2020-10-14 10:00:00,老王,男,1994-09-13,0,100,后勤部,hello world,wlao@stu.edu.cn
93106,2020-10-15 10:00:00,老王,男,1994-09-14,0,100,后勤部,hello world,wlao@stu.edu.cn
93107,2020-10-16 10:00:00,老王,男,1994-09-15,0,100,后勤部,hello world,wlao@stu.edu.cn
93108,2020-10-17 10:00:00,老王,男,1994-09-16,0,100,后勤部,hello world,wlao@stu.edu.cn
93109,2020-10-18 10:00:00,老王,男,1994-09-17,0,100,后勤部,hello world,wlao@stu.edu.cn
93110,2020-10-19 10:00:00,老王,男,1994-09-18,0,100,后勤部,hello world,wlao@stu.edu.cn
93111,2020-10-20 10:00:00,老王,男,1994-09-19,0,100,后勤部,hello world,wlao@stu.edu.cn
93112,2020-10-21 10:00:00,老王,男,1994-09-20,0,100,后勤部,hello world,wlao@stu.edu.cn
93113,2020-10-22 10:00:00,老王,男,1994-09-21,0,100,后勤部,hello world,wlao@stu.edu.cn
93114,2020-10-23 10:00:00,老王,男,1994-09-22,0,100,后勤部,hello world,wlao@stu.edu.cn
93115,2020-10-24 10:00:00,老王,男,1994-09-23,0,100,后勤部,hello world,wlao@stu.edu.cn
93116,2020-10-25 10:00:00,老王,男,1994-09-24,0,100,后勤部,hello world,wlao@stu.edu.cn
93117,2020-10-26 10:00:00,老王,男,1994-09-25,0,100,后勤部,hello world,wlao@stu.edu.cn
93118,2020-10-27 10:00:00,老王,男,1994-09-26,0,100,后勤部,hello world,wlao@stu.edu.cn
