玉皇大帝,男,2017-02-01,1,1,2015-09-01 回母校探望老师
玉皇大帝,男,2017-02-02,1,1,2015-09-02 回母校探望老师
玉皇大帝,男,2017-02-03,1,1,2015-09-03 回母校探望老师
玉皇大帝,男,2017-02-04,1,1,2015-09-04 回母校探望老师
玉皇大帝,男,2017-02-05,1,1,2015-09-05 回母校探望老师
玉皇大帝,男,2017-02-06,1,1,2015-09-06 回母校探望老师
玉皇大帝,男,2017-02-07,1,1,2015-09-07 回母校探望老师
玉皇大帝,男,2017-02-08,1,1,2015-09-08 回母校探望老师
玉皇大帝,男,2017-02-09,1,1,2015-09-09 回母校探望老师
玉皇大帝,男,2017-02-10,1,1,2015-09-10 回母校探望老师
玉皇大帝,男,2017-02-11,1,1,2015-09-11 回母校探望老师
玉皇大帝,男,2017-02-12,1,1,2015-09-12 回母校探望老师
玉皇大帝,男,2017-02-13,1,1,2015-09-13 回母校探望老师
玉皇大帝,男,2017-02-14,1,1,2015-09-14 回母校探望老师
玉皇大帝,男,2017-02-15,1,1,2015-09-15 回母校探望老师
玉皇大帝,男,2017-02-16,1,1,2015-09-16 回母校探望老师
玉皇大帝,男,2017-02-17,1,1,2015-09-17 回母校探望老师
玉皇大帝,男,2017-02-18,1,1,2015-09-18 回母校探望老师
玉皇大帝,男,2017-02-19,1,1,2015-09-19 回母校探望老师
玉皇大帝,男,2017-02-20,1,1,2015-09-20 回母校探望老师
玉皇大帝,男,2017-02-21,1,1,2015-09-21 回母校探望老师
玉皇大帝,男,2017-02-22,1,1,2015-09-22 回母校探望老师
玉皇大帝,男,2017-02-23,1,1,2015-09-23 回母校探望老师
玉皇大帝,男,2017-02-24,1,1,2015-09-24 回母校探望老师
玉皇大帝,男,2017-02-25,1,1,2015-09-25 回母校探望老师
玉皇大帝,男,2017-02-26,1,1,2015-09-26 回母校探望老师
玉皇大帝,男,2017-02-27,1,1,2015-09-27 回母校探望老师
玉皇大帝,男,2017-02-28,1,1,2015-09-28 回母校探望老师
玉皇大帝,男,2017-03-01,1,1,2015-09-29 回母校探望老师
玉皇大帝,男,2017-03-02,1,1,2015-09-30 回母校探望老师
玉皇大帝,男,2017-03-03,1,1,2015-09-31 回母校探望老师
玉皇大帝,男,2017-03-04,1,1,2015-09-32 回母校探望老师
玉皇大帝,男,2017-03-05,1,1,2015-09-33 回母校探望老师
玉皇大帝,男,2017-03-06,1,1,2015-09-34 回母校探望老师
玉皇大帝,男,2017-03-07,1,1,2015-09-35 回母校探望老师
玉皇大帝,男,2017-03-08,1,1,2015-09-36 回母校探望老师
玉皇大帝,男,2017-03-09,1,1,2015-09-37 回母校探望老师
玉皇大帝,男,2017-03-10,1,1,2015-09-38 回母校探望老师
玉皇大帝,男,2017-03-11,1,1,2015-09-39 回母校探望老师
玉皇大帝,男,2017-03-12,1,1,2015-09-40 回母校探望老师
玉皇大帝,男,2017-03-13,1,1,2015-09-41 回母校探望老师
玉皇大帝,男,2017-03-14,1,1,2015-09-42 回母校探望老师
玉皇大帝,男,2017-03-15,1,1,2015-09-43 回母校探望老师
玉皇大帝,男,2017-03-16,1,1,2015-09-44 回母校探望老师
玉皇大帝,男,2017-03-17,1,1,2015-09-45 回母校探望老师
玉皇大帝,男,2017-03-18,1,1,2015-09-46 回母校探望老师
玉皇大帝,男,2017-03-19,1,1,2015-09-47 回母校探望老师
玉皇大帝,男,2017-03-20,1,1,2015-09-48 回母校探望老师
玉皇大帝,男,2017-03-21,1,1,2015-09-49 回母校探望老师
玉皇大帝,男,2017-03-22,1,1,2015-09-50 回母校探望老师
玉皇大帝,男,2017-03-23,1,1,2015-09-51 回母校探望老师
玉皇大帝,男,2017-03-24,1,1,2015-09-52 回母校探望老师
玉皇大帝,男,2017-03-25,1,1,2015-09-53 回母校探望老师
玉皇大帝,男,2017-03-26,1,1,2015-09-54 回母校探望老师
玉皇大帝,男,2017-03-27,1,1,2015-09-55 回母校探望老师
玉皇大帝,男,2017-03-28,1,1,2015-09-56 回母校探望老师
玉皇大帝,男,2017-03-29,1,1,2015-09-57 回母校探望老师
玉皇大帝,男,2017-03-30,1,1,2015-09-58 回母校探望老师
玉皇大帝,男,2017-03-31,1,1,2015-09-59 回母校探望老师
玉皇大帝,男,2017-04-01,1,1,2015-09-60 回母校探望老师
玉皇大帝,男,2017-04-02,1,1,2015-09-61 回母校探望老师
玉皇大帝,男,2017-04-03,1,1,2015-09-62 回母校探望老师
玉皇大帝,男,2017-04-04,1,1,2015-09-63 回母校探望老师
玉皇大帝,男,2017-04-05,1,1,2015-09-64 回母校探望老师
玉皇大帝,男,2017-04-06,1,1,2015-09-65 回母校探望老师
玉皇大帝,男,2017-04-07,1,1,2015-09-66 回母校探望老师
玉皇大帝,男,2017-04-08,1,1,2015-09-67 回母校探望老师
玉皇大帝,男,2017-04-09,1,1,2015-09-68 回母校探望老师
玉皇大帝,男,2017-04-10,1,1,2015-09-69 回母校探望老师
玉皇大帝,男,2017-04-11,1,1,2015-09-70 回母校探望老师
玉皇大帝,男,2017-04-12,1,1,2015-09-71 回母校探望老师
玉皇大帝,男,2017-04-13,1,1,2015-09-72 回母校探望老师
玉皇大帝,男,2017-04-14,1,1,2015-09-73 回母校探望老师
玉皇大帝,男,2017-04-15,1,1,2015-09-74 回母校探望老师
玉皇大帝,男,2017-04-16,1,1,2015-09-75 回母校探望老师
玉皇大帝,男,2017-04-17,1,1,2015-09-76 回母校探望老师
玉皇大帝,男,2017-04-18,1,1,2015-09-77 回母校探望老师
玉皇大帝,男,2017-04-19,1,1,2015-09-78 回母校探望老师
玉皇大帝,男,2017-04-20,1,1,2015-09-79 回母校探望老师
玉皇大帝,男,2017-04-21,1,1,2015-09-80 回母校探望老师
玉皇大帝,男,2017-04-22,1,1,2015-09-81 回母校探望老师
玉皇大帝,男,2017-04-23,1,1,2015-09-82 回母校探望老师
玉皇大帝,男,2017-04-24,1,1,2015-09-83 回母校探望老师
玉皇大帝,男,2017-04-25,1,1,2015-09-84 回母校探望老师
玉皇大帝,男,2017-04-26,1,1,2015-09-85 回母校探望老师
玉皇大帝,男,2017-04-27,1,1,2015-09-86 回母校探望老师
玉皇大帝,男,2017-04-28,1,1,2015-09-87 回母校探望老师
玉皇大帝,男,2017-04-29,1,1,2015-09-88 回母校探望老师
玉皇大帝,男,2017-04-30,1,1,2015-09-89 回母校探望老师
玉皇大帝,男,2017-05-01,1,1,2015-09-90 回母校探望老师
玉皇大帝,男,2017-05-02,1,1,2015-09-91 回母校探望老师
玉皇大帝,男,2017-05-03,1,1,2015-09-92 回母校探望老师
玉皇大帝,男,2017-05-04,1,1,2015-09-93 回母校探望老师
玉皇大帝,男,2017-05-05,1,1,2015-09-94 回母校探望老师
玉皇大帝,男,2017-05-06,1,1,2015-09-95 回母校探望老师
玉皇大帝,男,2017-05-07,1,1,2015-09-96 回母校探望老师
玉皇大帝,男,2017-05-08,1,1,2015-09-97 回母校探望老师
玉皇大帝,男,2017-05-09,1,1,2015-09-98 回母校探望老师
玉皇大帝,男,2017-05-10,1,1,2015-09-99 回母校探望老师
玉皇大帝,男,2017-05-11,1,1,2015-09-100 回母校探望老师
玉皇大帝,男,2017-05-12,1,1,2015-09-101 回母校探望老师
玉皇大帝,男,2017-05-13,1,1,2015-09-102 回母校探望老师
玉皇大帝,男,2017-05-14,1,1,2015-09-103 回母校探望老师
玉皇大帝,男,2017-05-15,1,1,2015-09-104 回母校探望老师
玉皇大帝,男,2017-05-16,1,1,2015-09-105 回母校探望老师
玉皇大帝,男,2017-05-17,1,1,2015-09-106 回母校探望老师
玉皇大帝,男,2017-05-18,1,1,2015-09-107 回母校探望老师
玉皇大帝,男,2017-05-19,1,1,2015-09-108 回母校探望老师
玉皇大帝,男,2017-05-20,1,1,2015-09-109 回母校探望老师
玉皇大帝,男,2017-05-21,1,1,2015-09-110 回母校探望老师
玉皇大帝,男,2017-05-22,1,1,2015-09-111 回母校探望老师
玉皇大帝,男,2017-05-23,1,1,2015-09-112 回母校探望老师
玉皇大帝,男,2017-05-24,1,1,2015-09-113 回母校探望老师
玉皇大帝,男,2017-05-25,1,1,2015-09-114 回母校探望老师
玉皇大帝,男,2017-05-26,1,1,2015-09-115 回母校探望老师
玉皇大帝,男,2017-05-27,1,1,2015-09-116 回母校探望老师
玉皇大帝,男,2017-05-28,1,1,2015-09-117 回母校探望老师
玉皇大帝,男,2017-05-29,1,1,2015-09-118 回母校探望老师
玉皇大帝,男,2017-05-30,1,1,2015-09-119 回母校探望老师
玉皇大帝,男,2017-05-31,1,1,2015-09-120 回母校探望老师
玉皇大帝,男,2017-06-01,1,1,2015-09-121 回母校探望老师
玉皇大帝,男,2017-06-02,1,1,2015-09-122 回母校探望老师
玉皇大帝,男,2017-06-03,1,1,2015-09-123 回母校探望老师
玉皇大帝,男,2017-06-04,1,1,2015-09-124 回母校探望老师
玉皇大帝,男,2017-06-05,1,1,2015-09-125 回母校探望老师
玉皇大帝,男,2017-06-06,1,1,2015-09-126 回母校探望老师
玉皇大帝,男,2017-06-07,1,1,2015-09-127 回母校探望老师
玉皇大帝,男,2017-06-08,1,1,2015-09-128 回母校探望老师
玉皇大帝,男,2017-06-09,1,1,2015-09-129 回母校探望老师
玉皇大帝,男,2017-06-10,1,1,2015-09-130 回母校探望老师
玉皇大帝,男,2017-06-11,1,1,2015-09-131 回母校探望老师
玉皇大帝,男,2017-06-12,1,1,2015-09-132 回母校探望老师
玉皇大帝,男,2017-06-13,1,1,2015-09-133 回母校探望老师
玉皇大帝,男,2017-06-14,1,1,2015-09-134 回母校探望老师
玉皇大帝,男,2017-06-15,1,1,2015-09-135 回母校探望老师
玉皇大帝,男,2017-06-16,1,1,2015-09-136 回母校探望老师
玉皇大帝,男,2017-06-17,1,1,2015-09-137 回母校探望老师
玉皇大帝,男,2017-06-18,1,1,2015-09-138 回母校探望老师
玉皇大帝,男,2017-06-19,1,1,2015-09-139 回母校探望老师
玉皇大帝,男,2017-06-20,1,1,2015-09-140 回母校探望老师
玉皇大帝,男,2017-06-21,1,1,2015-09-141 回母校探望老师
玉皇大帝,男,2017-06-22,1,1,2015-09-142 回母校探望老师
玉皇大帝,男,2017-06-23,1,1,2015-09-143 回母校探望老师
玉皇大帝,男,2017-06-24,1,1,2015-09-144 回母校探望老师
玉皇大帝,男,2017-06-25,1,1,2015-09-145 回母校探望老师
玉皇大帝,男,2017-06-26,1,1,2015-09-146 回母校探望老师
玉皇大帝,男,2017-06-27,1,1,2015-09-147 回母校探望老师
玉皇大帝,男,2017-06-28,1,1,2015-09-148 回母校探望老师
玉皇大帝,男,2017-06-29,1,1,2015-09-149 回母校探望老师
玉皇大帝,男,2017-06-30,1,1,2015-09-150 回母校探望老师
玉皇大帝,男,2017-07-01,1,1,2015-09-151 回母校探望老师
玉皇大帝,男,2017-07-02,1,1,2015-09-152 回母校探望老师
玉皇大帝,男,2017-07-03,1,1,2015-09-153 回母校探望老师
玉皇大帝,男,2017-07-04,1,1,2015-09-154 回母校探望老师
玉皇大帝,男,2017-07-05,1,1,2015-09-155 回母校探望老师
玉皇大帝,男,2017-07-06,1,1,2015-09-156 回母校探望老师
玉皇大帝,男,2017-07-07,1,1,2015-09-157 回母校探望老师
玉皇大帝,男,2017-07-08,1,1,2015-09-158 回母校探望老师
玉皇大帝,男,2017-07-09,1,1,2015-09-159 回母校探望老师
玉皇大帝,男,2017-07-10,1,1,2015-09-160 回母校探望老师
玉皇大帝,男,2017-07-11,1,1,2015-09-161 回母校探望老师
玉皇大帝,男,2017-07-12,1,1,2015-09-162 回母校探望老师
玉皇大帝,男,2017-07-13,1,1,2015-09-163 回母校探望老师
玉皇大帝,男,2017-07-14,1,1,2015-09-164 回母校探望老师
玉皇大帝,男,2017-07-15,1,1,2015-09-165 回母校探望老师
玉皇大帝,男,2017-07-16,1,1,2015-09-166 回母校探望老师
玉皇大帝,男,2017-07-17,1,1,2015-09-167 回母校探望老师
玉皇大帝,男,2017-07-18,1,1,2015-09-168 回母校探望老师
玉皇大帝,男,2017-07-19,1,1,2015-09-169 回母校探望老师
玉皇大帝,男,2017-07-20,1,1,2015-09-170 回母校探望老师
玉皇大帝,男,2017-07-21,1,1,2015-09-171 回母校探望老师
玉皇大帝,男,2017-07-22,1,1,2015-09-172 回母校探望老师
玉皇大帝,男,2017-07-23,1,1,2015-09-173 回母校探望老师
玉皇大帝,男,2017-07-24,1,1,2015-09-174 回母校探望老师
玉皇大帝,男,2017-07-25,1,1,2015-09-175 回母校探望老师
玉皇大帝,男,2017-07-26,1,1,2015-09-176 回母校探望老师
玉皇大帝,男,2017-07-27,1,1,2015-09-177 回母校探望老师
玉皇大帝,男,2017-07-28,1,1,2015-09-178 回母校探望老师
玉皇大帝,男,2017-07-29,1,1,2015-09-179 回母校探望老师
玉皇大帝,男,2017-07-30,1,1,2015-09-180 回母校探望老师
玉皇大帝,男,2017-07-31,1,1,2015-09-181 回母校探望老师
玉皇大帝,男,2017-08-01,1,1,2015-09-182 回母校探望老师
玉皇大帝,男,2017-08-02,1,1,2015-09-183 回母校探望老师
玉皇大帝,男,2017-08-03,1,1,2015-09-184 回母校探望老师
玉皇大帝,男,2017-08-04,1,1,2015-09-185 回母校探望老师
玉皇大帝,男,2017-08-05,1,1,2015-09-186 回母校探望老师
玉皇大帝,男,2017-08-06,1,1,2015-09-187 回母校探望老师
玉皇大帝,男,2017-08-07,1,1,2015-09-188 回母校探望老师
玉皇大帝,男,2017-08-08,1,1,2015-09-189 回母校探望老师
玉皇大帝,男,2017-08-09,1,1,2015-09-190 回母校探望老师
玉皇大帝,男,2017-08-10,1,1,2015-09-191 回母校探望老师
玉皇大帝,男,2017-08-11,1,1,2015-09-192 回母校探望老师
玉皇大帝,男,2017-08-12,1,1,2015-09-193 回母校探望老师
玉皇大帝,男,2017-08-13,1,1,2015-09-194 回母校探望老师
玉皇大帝,男,2017-08-14,1,1,2015-09-195 回母校探望老师
玉皇大帝,男,2017-08-15,1,1,2015-09-196 回母校探望老师
玉皇大帝,男,2017-08-16,1,1,2015-09-197 回母校探望老师
玉皇大帝,男,2017-08-17,1,1,2015-09-198 回母校探望老师
玉皇大帝,男,2017-08-18,1,1,2015-09-199 回母校探望老师
玉皇大帝,男,2017-08-19,1,1,2015-09-200 回母校探望老师
玉皇大帝,男,2017-08-20,1,1,2015-09-201 回母校探望老师
玉皇大帝,男,2017-08-21,1,1,2015-09-202 回母校探望老师
玉皇大帝,男,2017-08-22,1,1,2015-09-203 回母校探望老师
玉皇大帝,男,2017-08-23,1,1,2015-09-204 回母校探望老师
玉皇大帝,男,2017-08-24,1,1,2015-09-205 回母校探望老师
玉皇大帝,男,2017-08-25,1,1,2015-09-206 回母校探望老师
玉皇大帝,男,2017-08-26,1,1,2015-09-207 回母校探望老师
玉皇大帝,男,2017-08-27,1,1,2015-09-208 回母校探望老师
玉皇大帝,男,2017-08-28,1,1,2015-09-209 回母校探望老师
玉皇大帝,男,2017-08-29,1,1,2015-09-210 回母校探望老师
玉皇大帝,男,2017-08-30,1,1,2015-09-211 回母校探望老师
玉皇大帝,男,2017-08-31,1,1,2015-09-212 回母校探望老师
玉皇大帝,男,2017-09-01,1,1,2015-09-213 回母校探望老师
玉皇大帝,男,2017-09-02,1,1,2015-09-214 回母校探望老师
玉皇大帝,男,2017-09-03,1,1,2015-09-215 回母校探望老师
玉皇大帝,男,2017-09-04,1,1,2015-09-216 回母校探望老师
玉皇大帝,男,2017-09-05,1,1,2015-09-217 回母校探望老师
玉皇大帝,男,2017-09-06,1,1,2015-09-218 回母校探望老师
玉皇大帝,男,2017-09-07,1,1,2015-09-219 回母校探望老师
玉皇大帝,男,2017-09-08,1,1,2015-09-220 回母校探望老师
玉皇大帝,男,2017-09-09,1,1,2015-09-221 回母校探望老师
玉皇大帝,男,2017-09-10,1,1,2015-09-222 回母校探望老师
玉皇大帝,男,2017-09-11,1,1,2015-09-223 回母校探望老师
玉皇大帝,男,2017-09-12,1,1,2015-09-224 回母校探望老师
玉皇大帝,男,2017-09-13,1,1,2015-09-225 回母校探望老师
玉皇大帝,男,2017-09-14,1,1,2015-09-226 回母校探望老师
玉皇大帝,男,2017-09-15,1,1,2015-09-227 回母校探望老师
玉皇大帝,男,2017-09-16,1,1,2015-09-228 回母校探望老师
玉皇大帝,男,2017-09-17,1,1,2015-09-229 回母校探望老师
玉皇大帝,男,2017-09-18,1,1,2015-09-230 回母校探望老师
玉皇大帝,男,2017-09-19,1,1,2015-09-231 回母校探望老师
玉皇大帝,男,2017-09-20,1,1,2015-09-232 回母校探望老师
玉皇大帝,男,2017-09-21,1,1,2015-09-233 回母校探望老师
玉皇大帝,男,2017-09-22,1,1,2015-09-234 回母校探望老师
玉皇大帝,男,2017-09-23,1,1,2015-09-235 回母校探望老师
玉皇大帝,男,2017-09-24,1,1,2015-09-236 回母校探望老师
玉皇大帝,男,2017-09-25,1,1,2015-09-237 回母校探望老师
玉皇大帝,男,2017-09-26,1,1,2015-09-238 回母校探望老师
玉皇大帝,男,2017-09-27,1,1,2015-09-239 回母校探望老师
玉皇大帝,男,2017-09-28,1,1,2015-09-240 回母校探望老师
玉皇大帝,男,2017-09-29,1,1,2015-09-241 回母校探望老师
玉皇大帝,男,2017-09-30,1,1,2015-09-242 回母校探望老师
玉皇大帝,男,2017-10-01,1,1,2015-09-243 回母校探望老师
玉皇大帝,男,2017-10-02,1,1,2015-09-244 回母校探望老师
玉皇大帝,男,2017-10-03,1,1,2015-09-245 回母校探望老师
玉皇大帝,男,2017-10-04,1,1,2015-09-246 回母校探望老师
玉皇大帝,男,2017-10-05,1,1,2015-09-247 回母校探望老师
玉皇大帝,男,2017-10-06,1,1,2015-09-248 回母校探望老师
玉皇大帝,男,2017-10-07,1,1,2015-09-249 回母校探望老师
玉皇大帝,男,2017-10-08,1,1,2015-09-250 回母校探望老师
玉皇大帝,男,2017-10-09,1,1,2015-09-251 回母校探望老师
玉皇大帝,男,2017-10-10,1,1,2015-09-252 回母校探望老师
玉皇大帝,男,2017-10-11,1,1,2015-09-253 回母校探望老师
玉皇大帝,男,2017-10-12,1,1,2015-09-254 回母校探望老师
玉皇大帝,男,2017-10-13,1,1,2015-09-255 回母校探望老师
玉皇大帝,男,2017-10-14,1,1,2015-09-256 回母校探望老师
玉皇大帝,男,2017-10-15,1,1,2015-09-257 回母校探望老师
玉皇大帝,男,2017-10-16,1,1,2015-09-258 回母校探望老师
玉皇大帝,男,2017-10-17,1,1,2015-09-259 回母校探望老师
玉皇大帝,男,2017-10-18,1,1,2015-09-260 回母校探望老师
玉皇大帝,男,2017-10-19,1,1,2015-09-261 回母校探望老师
玉皇大帝,男,2017-10-20,1,1,2015-09-262 回母校探望老师
玉皇大帝,男,2017-10-21,1,1,2015-09-263 回母校探望老师
玉皇大帝,男,2017-10-22,1,1,2015-09-264 回母校探望老师
玉皇大帝,男,2017-10-23,1,1,2015-09-265 回母校探望老师
玉皇大帝,男,2017-10-24,1,1,2015-09-266 回母校探望老师
玉皇大帝,男,2017-10-25,1,1,2015-09-267 回母校探望老师
玉皇大帝,男,2017-10-26,1,1,2015-09-268 回母校探望老师
玉皇大帝,男,2017-10-27,1,1,2015-09-269 回母校探望老师
玉皇大帝,男,2017-10-28,1,1,2015-09-270 回母校探望老师
玉皇大帝,男,2017-10-29,1,1,2015-09-271 回母校探望老师
玉皇大帝,男,2017-10-30,1,1,2015-09-272 回母校探望老师
玉皇大帝,男,2017-10-31,1,1,2015-09-273 回母校探望老师
玉皇大帝,男,2017-11-01,1,1,2015-09-274 回母校探望老师
玉皇大帝,男,2017-11-02,1,1,2015-09-275 回母校探望老师
玉皇大帝,男,2017-11-03,1,1,2015-09-276 回母校探望老师
玉皇大帝,男,2017-11-04,1,1,2015-09-277 回母校探望老师
玉皇大帝,男,2017-11-05,1,1,2015-09-278 回母校探望老师
玉皇大帝,男,2017-11-06,1,1,2015-09-279 回母校探望老师
玉皇大帝,男,2017-11-07,1,1,2015-09-280 回母校探望老师
玉皇大帝,男,2017-11-08,1,1,2015-09-281 回母校探望老师
玉皇大帝,男,2017-11-09,1,1,2015-09-282 回母校探望老师
玉皇大帝,男,2017-11-10,1,1,2015-09-283 回母校探望老师
玉皇大帝,男,2017-11-11,1,1,2015-09-284 回母校探望老师
玉皇大帝,男,2017-11-12,1,1,2015-09-285 回母校探望老师
玉皇大帝,男,2017-11-13,1,1,2015-09-286 回母校探望老师
玉皇大帝,男,2017-11-14,1,1,2015-09-287 回母校探望老师
玉皇大帝,男,2017-11-15,1,1,2015-09-288 回母校探望老师
玉皇大帝,男,2017-11-16,1,1,2015-09-289 回母校探望老师
玉皇大帝,男,2017-11-17,1,1,2015-09-290 回母校探望老师
玉皇大帝,男,2017-11-18,1,1,2015-09-291 回母校探望老师
玉皇大帝,男,2017-11-19,1,1,2015-09-292 回母校探望老师
玉皇大帝,男,2017-11-20,1,1,2015-09-293 回母校探望老师
玉皇大帝,男,2017-11-21,1,1,2015-09-294 回母校探望老师
玉皇大帝,男,2017-11-22,1,1,2015-09-295 回母校探望老师
玉皇大帝,男,2017-11-23,1,1,2015-09-296 回母校探望老师
玉皇大帝,男,2017-11-24,1,1,2015-09-297 回母校探望老师
玉皇大帝,男,2017-11-25,1,1,2015-09-298 回母校探望老师
玉皇大帝,男,2017-11-26,1,1,2015-09-299 回母校探望老师
玉皇大帝,男,2017-11-27,1,1,2015-09-300 回母校探望老师
玉皇大帝,男,2017-11-28,1,1,2015-09-301 回母校探望老师
玉皇大帝,男,2017-11-29,1,1,2015-09-302 回母校探望老师
玉皇大帝,男,2017-11-30,1,1,2015-09-303 回母校探望老师
玉皇大帝,男,2017-12-01,1,1,2015-09-304 回母校探望老师
玉皇大帝,男,2017-12-02,1,1,2015-09-305 回母校探望老师
玉皇大帝,男,2017-12-03,1,1,2015-09-306 回母校探望老师
玉皇大帝,男,2017-12-04,1,1,2015-09-307 回母校探望老师
玉皇大帝,男,2017-12-05,1,1,2015-09-308 回母校探望老师
玉皇大帝,男,2017-12-06,1,1,2015-09-309 回母校探望老师
玉皇大帝,男,2017-12-07,1,1,2015-09-310 回母校探望老师
玉皇大帝,男,2017-12-08,1,1,2015-09-311 回母校探望老师
玉皇大帝,男,2017-12-09,1,1,2015-09-312 回母校探望老师
玉皇大帝,男,2017-12-10,1,1,2015-09-313 回母校探望老师
玉皇大帝,男,2017-12-11,1,1,2015-09-314 回母校探望老师
玉皇大帝,男,2017-12-12,1,1,2015-09-315 回母校探望老师
玉皇大帝,男,2017-12-13,1,1,2015-09-316 回母校探望老师
玉皇大帝,男,2017-12-14,1,1,2015-09-317 回母校探望老师
玉皇大帝,男,2017-12-15,1,1,2015-09-318 回母校探望老师
玉皇大帝,男,2017-12-16,1,1,2015-09-319 回母校探望老师
玉皇大帝,男,2017-12-17,1,1,2015-09-320 回母校探望老师
玉皇大帝,男,2017-12-18,1,1,2015-09-321 回母校探望老师
玉皇大帝,男,2017-12-19,1,1,2015-09-322 回母校探望老师
玉皇大帝,男,2017-12-20,1,1,2015-09-323 回母校探望老师
玉皇大帝,男,2017-12-21,1,1,2015-09-324 回母校探望老师
玉皇大帝,男,2017-12-22,1,1,2015-09-325 回母校探望老师
玉皇大帝,男,2017-12-23,1,1,2015-09-326 回母校探望老师
玉皇大帝,男,2017-12-24,1,1,2015-09-327 回母校探望老师
玉皇大帝,男,2017-12-25,1,1,2015-09-328 回母校探望老师
玉皇大帝,男,2017-12-26,1,1,2015-09-329 回母校探望老师
玉皇大帝,男,2017-12-27,1,1,2015-09-330 回母校探望老师
玉皇大帝,男,2017-12-28,1,1,2015-09-331 回母校探望老师
玉皇大帝,男,2017-12-29,1,1,2015-09-332 回母校探望老师
玉皇大帝,男,2017-12-30,1,1,2015-09-333 回母校探望老师
玉皇大帝,男,2017-12-31,1,1,2015-09-334 回母校探望老师
玉皇大帝,男,2018-01-01,1,1,2015-09-335 回母校探望老师
玉皇大帝,男,2018-01-02,1,1,2015-09-336 回母校探望老师
玉皇大帝,男,2018-01-03,1,1,2015-09-337 回母校探望老师
玉皇大帝,男,2018-01-04,1,1,2015-09-338 回母校探望老师
玉皇大帝,男,2018-01-05,1,1,2015-09-339 回母校探望老师
玉皇大帝,男,2018-01-06,1,1,2015-09-340 回母校探望老师
玉皇大帝,男,2018-01-07,1,1,2015-09-341 回母校探望老师
玉皇大帝,男,2018-01-08,1,1,2015-09-342 回母校探望老师
玉皇大帝,男,2018-01-09,1,1,2015-09-343 回母校探望老师
玉皇大帝,男,2018-01-10,1,1,2015-09-344 回母校探望老师
玉皇大帝,男,2018-01-11,1,1,2015-09-345 回母校探望老师
玉皇大帝,男,2018-01-12,1,1,2015-09-346 回母校探望老师
玉皇大帝,男,2018-01-13,1,1,2015-09-347 回母校探望老师
玉皇大帝,男,2018-01-14,1,1,2015-09-348 回母校探望老师
玉皇大帝,男,2018-01-15,1,1,2015-09-349 回母校探望老师
玉皇大帝,男,2018-01-16,1,1,2015-09-350 回母校探望老师
玉皇大帝,男,2018-01-17,1,1,2015-09-351 回母校探望老师
玉皇大帝,男,2018-01-18,1,1,2015-09-352 回母校探望老师
玉皇大帝,男,2018-01-19,1,1,2015-09-353 回母校探望老师
玉皇大帝,男,2018-01-20,1,1,2015-09-354 回母校探望老师
玉皇大帝,男,2018-01-21,1,1,2015-09-355 回母校探望老师
玉皇大帝,男,2018-01-22,1,1,2015-09-356 回母校探望老师
玉皇大帝,男,2018-01-23,1,1,2015-09-357 回母校探望老师
玉皇大帝,男,2018-01-24,1,1,2015-09-358 回母校探望老师
玉皇大帝,男,2018-01-25,1,1,2015-09-359 回母校探望老师
玉皇大帝,男,2018-01-26,1,1,2015-09-360 回母校探望老师
玉皇大帝,男,2018-01-27,1,1,2015-09-361 回母校探望老师
玉皇大帝,男,2018-01-28,1,1,2015-09-362 回母校探望老师
玉皇大帝,男,2018-01-29,1,1,2015-09-363 回母校探望老师
玉皇大帝,男,2018-01-30,1,1,2015-09-364 回母校探望老师
玉皇大帝,男,2018-01-31,1,1,2015-09-365 回母校探望老师
玉皇大帝,男,2018-02-01,1,1,2015-09-366 回母校探望老师
玉皇大帝,男,2018-02-02,1,1,2015-09-367 回母校探望老师
玉皇大帝,男,2018-02-03,1,1,2015-09-368 回母校探望老师
玉皇大帝,男,2018-02-04,1,1,2015-09-369 回母校探望老师
玉皇大帝,男,2018-02-05,1,1,2015-09-370 回母校探望老师
玉皇大帝,男,2018-02-06,1,1,2015-09-371 回母校探望老师
玉皇大帝,男,2018-02-07,1,1,2015-09-372 回母校探望老师
玉皇大帝,男,2018-02-08,1,1,2015-09-373 回母校探望老师
玉皇大帝,男,2018-02-09,1,1,2015-09-374 回母校探望老师
玉皇大帝,男,2018-02-10,1,1,2015-09-375 回母校探望老师
玉皇大帝,男,2018-02-11,1,1,2015-09-376 回母校探望老师
玉皇大帝,男,2018-02-12,1,1,2015-09-377 回母校探望老师
玉皇大帝,男,2018-02-13,1,1,2015-09-378 回母校探望老师
玉皇大帝,男,2018-02-14,1,1,2015-09-379 回母校探望老师
玉皇大帝,男,2018-02-15,1,1,2015-09-380 回母校探望老师
玉皇大帝,男,2018-02-16,1,1,2015-09-381 回母校探望老师
玉皇大帝,男,2018-02-17,1,1,2015-09-382 回母校探望老师
玉皇大帝,男,2018-02-18,1,1,2015-09-383 回母校探望老师
玉皇大帝,男,2018-02-19,1,1,2015-09-384 回母校探望老师
玉皇大帝,男,2018-02-20,1,1,2015-09-385 回母校探望老师
玉皇大帝,男,2018-02-21,1,1,2015-09-386 回母校探望老师
玉皇大帝,男,2018-02-22,1,1,2015-09-387 回母校探望老师
玉皇大帝,男,2018-02-23,1,1,2015-09-388 回母校探望老师
玉皇大帝,男,2018-02-24,1,1,2015-09-389 回母校探望老师
玉皇大帝,男,2018-02-25,1,1,2015-09-390 回母校探望老师
玉皇大帝,男,2018-02-26,1,1,2015-09-391 回母校探望老师
玉皇大帝,男,2018-02-27,1,1,2015-09-392 回母校探望老师
玉皇大帝,男,2018-02-28,1,1,2015-09-393 回母校探望老师
玉皇大帝,男,2018-03-01,1,1,2015-09-394 回母校探望老师
玉皇大帝,男,2018-03-02,1,1,2015-09-395 回母校探望老师
玉皇大帝,男,2018-03-03,1,1,2015-09-396 回母校探望老师
玉皇大帝,男,2018-03-04,1,1,2015-09-397 回母校探望老师
玉皇大帝,男,2018-03-05,1,1,2015-09-398 回母校探望老师
玉皇大帝,男,2018-03-06,1,1,2015-09-399 回母校探望老师
玉皇大帝,男,2018-03-07,1,1,2015-09-400 回母校探望老师
玉皇大帝,男,2018-03-08,1,1,2015-09-401 回母校探望老师
玉皇大帝,男,2018-03-09,1,1,2015-09-402 回母校探望老师
玉皇大帝,男,2018-03-10,1,1,2015-09-403 回母校探望老师
玉皇大帝,男,2018-03-11,1,1,2015-09-404 回母校探望老师
玉皇大帝,男,2018-03-12,1,1,2015-09-405 回母校探望老师
玉皇大帝,男,2018-03-13,1,1,2015-09-406 回母校探望老师
玉皇大帝,男,2018-03-14,1,1,2015-09-407 回母校探望老师
玉皇大帝,男,2018-03-15,1,1,2015-09-408 回母校探望老师
玉皇大帝,男,2018-03-16,1,1,2015-09-409 回母校探望老师
玉皇大帝,男,2018-03-17,1,1,2015-09-410 回母校探望老师
玉皇大帝,男,2018-03-18,1,1,2015-09-411 回母校探望老师
玉皇大帝,男,2018-03-19,1,1,2015-09-412 回母校探望老师
玉皇大帝,男,2018-03-20,1,1,2015-09-413 回母校探望老师
玉皇大帝,男,2018-03-21,1,1,2015-09-414 回母校探望老师
玉皇大帝,男,2018-03-22,1,1,2015-09-415 回母校探望老师
玉皇大帝,男,2018-03-23,1,1,2015-09-416 回母校探望老师
玉皇大帝,男,2018-03-24,1,1,2015-09-417 回母校探望老师
玉皇大帝,男,2018-03-25,1,1,2015-09-418 回母校探望老师
玉皇大帝,男,2018-03-26,1,1,2015-09-419 回母校探望老师
玉皇大帝,男,2018-03-27,1,1,2015-09-420 回母校探望老师
玉皇大帝,男,2018-03-28,1,1,2015-09-421 回母校探望老师
玉皇大帝,男,2018-03-29,1,1,2015-09-422 回母校探望老师
玉皇大帝,男,2018-03-30,1,1,2015-09-423 回母校探望老师
玉皇大帝,男,2018-03-31,1,1,2015-09-424 回母校探望老师
玉皇大帝,男,2018-04-01,1,1,2015-09-425 回母校探望老师
玉皇大帝,男,2018-04-02,1,1,2015-09-426 回母校探望老师
玉皇大帝,男,2018-04-03,1,1,2015-09-427 回母校探望老师
玉皇大帝,男,2018-04-04,1,1,2015-09-428 回母校探望老师
玉皇大帝,男,2018-04-05,1,1,2015-09-429 回母校探望老师
玉皇大帝,男,2018-04-06,1,1,2015-09-430 回母校探望老师
玉皇大帝,男,2018-04-07,1,1,2015-09-431 回母校探望老师
玉皇大帝,男,2018-04-08,1,1,2015-09-432 回母校探望老师
玉皇大帝,男,2018-04-09,1,1,2015-09-433 回母校探望老师
玉皇大帝,男,2018-04-10,1,1,2015-09-434 回母校探望老师
玉皇大帝,男,2018-04-11,1,1,2015-09-435 回母校探望老师
玉皇大帝,男,2018-04-12,1,1,2015-09-436 回母校探望老师
玉皇大帝,男,2018-04-13,1,1,2015-09-437 回母校探望老师
玉皇大帝,男,2018-04-14,1,1,2015-09-438 回母校探望老师
玉皇大帝,男,2018-04-15,1,1,2015-09-439 回母校探望老师
玉皇大帝,男,2018-04-16,1,1,2015-09-440 回母校探望老师
玉皇大帝,男,2018-04-17,1,1,2015-09-441 回母校探望老师
玉皇大帝,男,2018-04-18,1,1,2015-09-442 回母校探望老师
玉皇大帝,男,2018-04-19,1,1,2015-09-443 回母校探望老师
玉皇大帝,男,2018-04-20,1,1,2015-09-444 回母校探望老师
玉皇大帝,男,2018-04-21,1,1,2015-09-445 回母校探望老师
玉皇大帝,男,2018-04-22,1,1,2015-09-446 回母校探望老师
玉皇大帝,男,2018-04-23,1,1,2015-09-447 回母校探望老师
玉皇大帝,男,2018-04-24,1,1,2015-09-448 回母校探望老师
玉皇大帝,男,2018-04-25,1,1,2015-09-449 回母校探望老师
玉皇大帝,男,2018-04-26,1,1,2015-09-450 回母校探望老师
玉皇大帝,男,2018-04-27,1,1,2015-09-451 回母校探望老师
玉皇大帝,男,2018-04-28,1,1,2015-09-452 回母校探望老师
玉皇大帝,男,2018-04-29,1,1,2015-09-453 回母校探望老师
玉皇大帝,男,2018-04-30,1,1,2015-09-454 回母校探望老师
玉皇大帝,男,2018-05-01,1,1,2015-09-455 回母校探望老师
玉皇大帝,男,2018-05-02,1,1,2015-09-456 回母校探望老师
玉皇大帝,男,2018-05-03,1,1,2015-09-457 回母校探望老师
玉皇大帝,男,2018-05-04,1,1,2015-09-458 回母校探望老师
玉皇大帝,男,2018-05-05,1,1,2015-09-459 回母校探望老师
玉皇大帝,男,2018-05-06,1,1,2015-09-460 回母校探望老师
玉皇大帝,男,2018-05-07,1,1,2015-09-461 回母校探望老师
玉皇大帝,男,2018-05-08,1,1,2015-09-462 回母校探望老师
玉皇大帝,男,2018-05-09,1,1,2015-09-463 回母校探望老师
玉皇大帝,男,2018-05-10,1,1,2015-09-464 回母校探望老师
玉皇大帝,男,2018-05-11,1,1,2015-09-465 回母校探望老师
玉皇大帝,男,2018-05-12,1,1,2015-09-466 回母校探望老师
玉皇大帝,男,2018-05-13,1,1,2015-09-467 回母校探望老师
玉皇大帝,男,2018-05-14,1,1,2015-09-468 回母校探望老师
玉皇大帝,男,2018-05-15,1,1,2015-09-469 回母校探望老师
玉皇大帝,男,2018-05-16,1,1,2015-09-470 回母校探望老师
玉皇大帝,男,2018-05-17,1,1,2015-09-471 回母校探望老师
玉皇大帝,男,2018-05-18,1,1,2015-09-472 回母校探望老师
玉皇大帝,男,2018-05-19,1,1,2015-09-473 回母校探望老师
玉皇大帝,男,2018-05-20,1,1,2015-09-474 回母校探望老师
玉皇大帝,男,2018-05-21,1,1,2015-09-475 回母校探望老师
玉皇大帝,男,2018-05-22,1,1,2015-09-476 回母校探望老师
玉皇大帝,男,2018-05-23,1,1,2015-09-477 回母校探望老师
玉皇大帝,男,2018-05-24,1,1,2015-09-478 回母校探望老师
玉皇大帝,男,2018-05-25,1,1,2015-09-479 回母校探望老师
玉皇大帝,男,2018-05-26,1,1,2015-09-480 回母校探望老师
玉皇大帝,男,2018-05-27,1,1,2015-09-481 回母校探望老师
玉皇大帝,男,2018-05-28,1,1,2015-09-482 回母校探望老师
玉皇大帝,男,2018-05-29,1,1,2015-09-483 回母校探望老师
玉皇大帝,男,2018-05-30,1,1,2015-09-484 回母校探望老师
玉皇大帝,男,2018-05-31,1,1,2015-09-485 回母校探望老师
玉皇大帝,男,2018-06-01,1,1,2015-09-486 回母校探望老师
玉皇大帝,男,2018-06-02,1,1,2015-09-487 回母校探望老师
玉皇大帝,男,2018-06-03,1,1,2015-09-488 回母校探望老师
玉皇大帝,男,2018-06-04,1,1,2015-09-489 回母校探望老师
玉皇大帝,男,2018-06-05,1,1,2015-09-490 回母校探望老师
玉皇大帝,男,2018-06-06,1,1,2015-09-491 回母校探望老师
玉皇大帝,男,2018-06-07,1,1,2015-09-492 回母校探望老师
玉皇大帝,男,2018-06-08,1,1,2015-09-493 回母校探望老师
玉皇大帝,男,2018-06-09,1,1,2015-09-494 回母校探望老师
玉皇大帝,男,2018-06-10,1,1,2015-09-495 回母校探望老师
玉皇大帝,男,2018-06-11,1,1,2015-09-496 回母校探望老师
玉皇大帝,男,2018-06-12,1,1,2015-09-497 回母校探望老师
玉皇大帝,男,2018-06-13,1,1,2015-09-498 回母校探望老师
玉皇大帝,男,2018-06-14,1,1,2015-09-499 回母校探望老师
玉皇大帝,男,2018-06-15,1,1,2015-09-500 回母校探望老师
玉皇大帝,男,2018-06-16,1,1,2015-09-501 回母校探望老师
玉皇大帝,男,2018-06-17,1,1,2015-09-502 回母校探望老师
玉皇大帝,男,2018-06-18,1,1,2015-09-503 回母校探望老师
玉皇大帝,男,2018-06-19,1,1,2015-09-504 回母校探望老师
玉皇大帝,男,2018-06-20,1,1,2015-09-505 回母校探望老师
玉皇大帝,男,2018-06-21,1,1,2015-09-506 回母校探望老师
玉皇大帝,男,2018-06-22,1,1,2015-09-507 回母校探望老师
玉皇大帝,男,2018-06-23,1,1,2015-09-508 回母校探望老师
玉皇大帝,男,2018-06-24,1,1,2015-09-509 回母校探望老师
玉皇大帝,男,2018-06-25,1,1,2015-09-510 回母校探望老师
玉皇大帝,男,2018-06-26,1,1,2015-09-511 回母校探望老师
玉皇大帝,男,2018-06-27,1,1,2015-09-512 回母校探望老师
玉皇大帝,男,2018-06-28,1,1,2015-09-513 回母校探望老师
玉皇大帝,男,2018-06-29,1,1,2015-09-514 回母校探望老师
玉皇大帝,男,2018-06-30,1,1,2015-09-515 回母校探望老师
玉皇大帝,男,2018-07-01,1,1,2015-09-516 回母校探望老师
玉皇大帝,男,2018-07-02,1,1,2015-09-517 回母校探望老师
玉皇大帝,男,2018-07-03,1,1,2015-09-518 回母校探望老师
玉皇大帝,男,2018-07-04,1,1,2015-09-519 回母校探望老师
玉皇大帝,男,2018-07-05,1,1,2015-09-520 回母校探望老师
玉皇大帝,男,2018-07-06,1,1,2015-09-521 回母校探望老师
玉皇大帝,男,2018-07-07,1,1,2015-09-522 回母校探望老师
玉皇大帝,男,2018-07-08,1,1,2015-09-523 回母校探望老师
玉皇大帝,男,2018-07-09,1,1,2015-09-524 回母校探望老师
玉皇大帝,男,2018-07-10,1,1,2015-09-525 回母校探望老师
玉皇大帝,男,2018-07-11,1,1,2015-09-526 回母校探望老师
玉皇大帝,男,2018-07-12,1,1,2015-09-527 回母校探望老师
玉皇大帝,男,2018-07-13,1,1,2015-09-528 回母校探望老师
玉皇大帝,男,2018-07-14,1,1,2015-09-529 回母校探望老师
玉皇大帝,男,2018-07-15,1,1,2015-09-530 回母校探望老师
玉皇大帝,男,2018-07-16,1,1,2015-09-531 回母校探望老师
玉皇大帝,男,2018-07-17,1,1,2015-09-532 回母校探望老师
玉皇大帝,男,2018-07-18,1,1,2015-09-533 回母校探望老师
玉皇大帝,男,2018-07-19,1,1,2015-09-534 回母校探望老师
玉皇大帝,男,2018-07-20,1,1,2015-09-535 回母校探望老师
玉皇大帝,男,2018-07-21,1,1,2015-09-536 回母校探望老师
玉皇大帝,男,2018-07-22,1,1,2015-09-537 回母校探望老师
玉皇大帝,男,2018-07-23,1,1,2015-09-538 回母校探望老师
玉皇大帝,男,2018-07-24,1,1,2015-09-539 回母校探望老师
玉皇大帝,男,2018-07-25,1,1,2015-09-540 回母校探望老师
玉皇大帝,男,2018-07-26,1,1,2015-09-541 回母校探望老师
玉皇大帝,男,2018-07-27,1,1,2015-09-542 回母校探望老师
玉皇大帝,男,2018-07-28,1,1,2015-09-543 回母校探望老师
玉皇大帝,男,2018-07-29,1,1,2015-09-544 回母校探望老师
玉皇大帝,男,2018-07-30,1,1,2015-09-545 回母校探望老师
玉皇大帝,男,2018-07-31,1,1,2015-09-546 回母校探望老师
玉皇大帝,男,2018-08-01,1,1,2015-09-547 回母校探望老师
玉皇大帝,男,2018-08-02,1,1,2015-09-548 回母校探望老师
玉皇大帝,男,2018-08-03,1,1,2015-09-549 回母校探望老师
玉皇大帝,男,2018-08-04,1,1,2015-09-550 回母校探望老师
玉皇大帝,男,2018-08-05,1,1,2015-09-551 回母校探望老师
玉皇大帝,男,2018-08-06,1,1,2015-09-552 回母校探望老师
玉皇大帝,男,2018-08-07,1,1,2015-09-553 回母校探望老师
玉皇大帝,男,2018-08-08,1,1,2015-09-554 回母校探望老师
玉皇大帝,男,2018-08-09,1,1,2015-09-555 回母校探望老师
玉皇大帝,男,2018-08-10,1,1,2015-09-556 回母校探望老师
玉皇大帝,男,2018-08-11,1,1,2015-09-557 回母校探望老师
玉皇大帝,男,2018-08-12,1,1,2015-09-558 回母校探望老师
玉皇大帝,男,2018-08-13,1,1,2015-09-559 回母校探望老师
玉皇大帝,男,2018-08-14,1,1,2015-09-560 回母校探望老师
玉皇大帝,男,2018-08-15,1,1,2015-09-561 回母校探望老师
玉皇大帝,男,2018-08-16,1,1,2015-09-562 回母校探望老师
玉皇大帝,男,2018-08-17,1,1,2015-09-563 回母校探望老师
玉皇大帝,男,2018-08-18,1,1,2015-09-564 回母校探望老师
玉皇大帝,男,2018-08-19,1,1,2015-09-565 回母校探望老师
玉皇大帝,男,2018-08-20,1,1,2015-09-566 回母校探望老师
玉皇大帝,男,2018-08-21,1,1,2015-09-567 回母校探望老师
玉皇大帝,男,2018-08-22,1,1,2015-09-568 回母校探望老师
玉皇大帝,男,2018-08-23,1,1,2015-09-569 回母校探望老师
玉皇大帝,男,2018-08-24,1,1,2015-09-570 回母校探望老师
玉皇大帝,男,2018-08-25,1,1,2015-09-571 回母校探望老师
玉皇大帝,男,2018-08-26,1,1,2015-09-572 回母校探望老师
玉皇大帝,男,2018-08-27,1,1,2015-09-573 回母校探望老师
玉皇大帝,男,2018-08-28,1,1,2015-09-574 回母校探望老师
玉皇大帝,男,2018-08-29,1,1,2015-09-575 回母校探望老师
玉皇大帝,男,2018-08-30,1,1,2015-09-576 回母校探望老师
玉皇大帝,男,2018-08-31,1,1,2015-09-577 回母校探望老师
玉皇大帝,男,2018-09-01,1,1,2015-09-578 回母校探望老师
玉皇大帝,男,2018-09-02,1,1,2015-09-579 回母校探望老师
玉皇大帝,男,2018-09-03,1,1,2015-09-580 回母校探望老师
玉皇大帝,男,2018-09-04,1,1,2015-09-581 回母校探望老师
玉皇大帝,男,2018-09-05,1,1,2015-09-582 回母校探望老师
玉皇大帝,男,2018-09-06,1,1,2015-09-583 回母校探望老师
玉皇大帝,男,2018-09-07,1,1,2015-09-584 回母校探望老师
玉皇大帝,男,2018-09-08,1,1,2015-09-585 回母校探望老师
玉皇大帝,男,2018-09-09,1,1,2015-09-586 回母校探望老师
玉皇大帝,男,2018-09-10,1,1,2015-09-587 回母校探望老师
玉皇大帝,男,2018-09-11,1,1,2015-09-588 回母校探望老师
玉皇大帝,男,2018-09-12,1,1,2015-09-589 回母校探望老师
玉皇大帝,男,2018-09-13,1,1,2015-09-590 回母校探望老师
玉皇大帝,男,2018-09-14,1,1,2015-09-591 回母校探望老师
玉皇大帝,男,2018-09-15,1,1,2015-09-592 回母校探望老师
玉皇大帝,男,2018-09-16,1,1,2015-09-593 回母校探望老师
玉皇大帝,男,2018-09-17,1,1,2015-09-594 回母校探望老师
玉皇大帝,男,2018-09-18,1,1,2015-09-595 回母校探望老师
玉皇大帝,男,2018-09-19,1,1,2015-09-596 回母校探望老师
玉皇大帝,男,2018-09-20,1,1,2015-09-597 回母校探望老师
玉皇大帝,男,2018-09-21,1,1,2015-09-598 回母校探望老师
玉皇大帝,男,2018-09-22,1,1,2015-09-599 回母校探望老师
玉皇大帝,男,2018-09-23,1,1,2015-09-600 回母校探望老师
玉皇大帝,男,2018-09-24,1,1,2015-09-601 回母校探望老师
玉皇大帝,男,2018-09-25,1,1,2015-09-602 回母校探望老师
玉皇大帝,男,2018-09-26,1,1,2015-09-603 回母校探望老师
玉皇大帝,男,2018-09-27,1,1,2015-09-604 回母校探望老师
玉皇大帝,男,2018-09-28,1,1,2015-09-605 回母校探望老师
玉皇大帝,男,2018-09-29,1,1,2015-09-606 回母校探望老师
玉皇大帝,男,2018-09-30,1,1,2015-09-607 回母校探望老师
玉皇大帝,男,2018-10-01,1,1,2015-09-608 回母校探望老师
玉皇大帝,男,2018-10-02,1,1,2015-09-609 回母校探望老师
玉皇大帝,男,2018-10-03,1,1,2015-09-610 回母校探望老师
玉皇大帝,男,2018-10-04,1,1,2015-09-611 回母校探望老师
玉皇大帝,男,2018-10-05,1,1,2015-09-612 回母校探望老师
玉皇大帝,男,2018-10-06,1,1,2015-09-613 回母校探望老师
玉皇大帝,男,2018-10-07,1,1,2015-09-614 回母校探望老师
玉皇大帝,男,2018-10-08,1,1,2015-09-615 回母校探望老师
玉皇大帝,男,2018-10-09,1,1,2015-09-616 回母校探望老师
玉皇大帝,男,2018-10-10,1,1,2015-09-617 回母校探望老师
玉皇大帝,男,2018-10-11,1,1,2015-09-618 回母校探望老师
玉皇大帝,男,2018-10-12,1,1,2015-09-619 回母校探望老师
玉皇大帝,男,2018-10-13,1,1,2015-09-620 回母校探望老师
玉皇大帝,男,2018-10-14,1,1,2015-09-621 回母校探望老师
玉皇大帝,男,2018-10-15,1,1,2015-09-622 回母校探望老师
玉皇大帝,男,2018-10-16,1,1,2015-09-623 回母校探望老师
玉皇大帝,男,2018-10-17,1,1,2015-09-624 回母校探望老师
玉皇大帝,男,2018-10-18,1,1,2015-09-625 回母校探望老师
玉皇大帝,男,2018-10-19,1,1,2015-09-626 回母校探望老师
玉皇大帝,男,2018-10-20,1,1,2015-09-627 回母校探望老师
玉皇大帝,男,2018-10-21,1,1,2015-09-628 回母校探望老师
玉皇大帝,男,2018-10-22,1,1,2015-09-629 回母校探望老师
玉皇大帝,男,2018-10-23,1,1,2015-09-630 回母校探望老师
玉皇大帝,男,2018-10-24,1,1,2015-09-631 回母校探望老师
玉皇大帝,男,2018-10-25,1,1,2015-09-632 回母校探望老师
玉皇大帝,男,2018-10-26,1,1,2015-09-633 回母校探望老师
玉皇大帝,男,2018-10-27,1,1,2015-09-634 回母校探望老师
玉皇大帝,男,2018-10-28,1,1,2015-09-635 回母校探望老师
玉皇大帝,男,2018-10-29,1,1,2015-09-636 回母校探望老师
玉皇大帝,男,2018-10-30,1,1,2015-09-637 回母校探望老师
玉皇大帝,男,2018-10-31,1,1,2015-09-638 回母校探望老师
玉皇大帝,男,2018-11-01,1,1,2015-09-639 回母校探望老师
玉皇大帝,男,2018-11-02,1,1,2015-09-640 回母校探望老师
玉皇大帝,男,2018-11-03,1,1,2015-09-641 回母校探望老师
玉皇大帝,男,2018-11-04,1,1,2015-09-642 回母校探望老师
玉皇大帝,男,2018-11-05,1,1,2015-09-643 回母校探望老师
玉皇大帝,男,2018-11-06,1,1,2015-09-644 回母校探望老师
玉皇大帝,男,2018-11-07,1,1,2015-09-645 回母校探望老师
玉皇大帝,男,2018-11-08,1,1,2015-09-646 回母校探望老师
玉皇大帝,男,2018-11-09,1,1,2015-09-647 回母校探望老师
玉皇大帝,男,2018-11-10,1,1,2015-09-648 回母校探望老师
玉皇大帝,男,2018-11-11,1,1,2015-09-649 回母校探望老师
玉皇大帝,男,2018-11-12,1,1,2015-09-650 回母校探望老师
玉皇大帝,男,2018-11-13,1,1,2015-09-651 回母校探望老师
玉皇大帝,男,2018-11-14,1,1,2015-09-652 回母校探望老师
玉皇大帝,男,2018-11-15,1,1,2015-09-653 回母校探望老师
玉皇大帝,男,2018-11-16,1,1,2015-09-654 回母校探望老师
玉皇大帝,男,2018-11-17,1,1,2015-09-655 回母校探望老师
玉皇大帝,男,2018-11-18,1,1,2015-09-656 回母校探望老师
玉皇大帝,男,2018-11-19,1,1,2015-09-657 回母校探望老师
玉皇大帝,男,2018-11-20,1,1,2015-09-658 回母校探望老师
玉皇大帝,男,2018-11-21,1,1,2015-09-659 回母校探望老师
玉皇大帝,男,2018-11-22,1,1,2015-09-660 回母校探望老师
玉皇大帝,男,2018-11-23,1,1,2015-09-661 回母校探望老师
玉皇大帝,男,2018-11-24,1,1,2015-09-662 回母校探望老师
玉皇大帝,男,2018-11-25,1,1,2015-09-663 回母校探望老师
玉皇大帝,男,2018-11-26,1,1,2015-09-664 回母校探望老师
玉皇大帝,男,2018-11-27,1,1,2015-09-665 回母校探望老师
玉皇大帝,男,2018-11-28,1,1,2015-09-666 回母校探望老师
玉皇大帝,男,2018-11-29,1,1,2015-09-667 回母校探望老师
玉皇大帝,男,2018-11-30,1,1,2015-09-668 回母校探望老师
玉皇大帝,男,2018-12-01,1,1,2015-09-669 回母校探望老师
玉皇大帝,男,2018-12-02,1,1,2015-09-670 回母校探望老师
玉皇大帝,男,2018-12-03,1,1,2015-09-671 回母校探望老师
玉皇大帝,男,2018-12-04,1,1,2015-09-672 回母校探望老师
玉皇大帝,男,2018-12-05,1,1,2015-09-673 回母校探望老师
玉皇大帝,男,2018-12-06,1,1,2015-09-674 回母校探望老师
玉皇大帝,男,2018-12-07,1,1,2015-09-675 回母校探望老师
玉皇大帝,男,2018-12-08,1,1,2015-09-676 回母校探望老师
玉皇大帝,男,2018-12-09,1,1,2015-09-677 回母校探望老师
玉皇大帝,男,2018-12-10,1,1,2015-09-678 回母校探望老师
玉皇大帝,男,2018-12-11,1,1,2015-09-679 回母校探望老师
玉皇大帝,男,2018-12-12,1,1,2015-09-680 回母校探望老师
玉皇大帝,男,2018-12-13,1,1,2015-09-681 回母校探望老师
玉皇大帝,男,2018-12-14,1,1,2015-09-682 回母校探望老师
玉皇大帝,男,2018-12-15,1,1,2015-09-683 回母校探望老师
玉皇大帝,男,2018-12-16,1,1,2015-09-684 回母校探望老师
玉皇大帝,男,2018-12-17,1,1,2015-09-685 回母校探望老师
玉皇大帝,男,2018-12-18,1,1,2015-09-686 回母校探望老师
玉皇大帝,男,2018-12-19,1,1,2015-09-687 回母校探望老师
玉皇大帝,男,2018-12-20,1,1,2015-09-688 回母校探望老师
玉皇大帝,男,2018-12-21,1,1,2015-09-689 回母校探望老师
玉皇大帝,男,2018-12-22,1,1,2015-09-690 回母校探望老师
玉皇大帝,男,2018-12-23,1,1,2015-09-691 回母校探望老师
玉皇大帝,男,2018-12-24,1,1,2015-09-692 回母校探望老师
玉皇大帝,男,2018-12-25,1,1,2015-09-693 回母校探望老师
玉皇大帝,男,2018-12-26,1,1,2015-09-694 回母校探望老师
玉皇大帝,男,2018-12-27,1,1,2015-09-695 回母校探望老师
玉皇大帝,男,2018-12-28,1,1,2015-09-696 回母校探望老师
玉皇大帝,男,2018-12-29,1,1,2015-09-697 回母校探望老师
玉皇大帝,男,2018-12-30,1,1,2015-09-698 回母校探望老师
玉皇大帝,男,2018-12-31,1,1,2015-09-699 回母校探望老师
玉皇大帝,男,2019-01-01,1,1,2015-09-700 回母校探望老师
玉皇大帝,男,2019-01-02,1,1,2015-09-701 回母校探望老师
玉皇大帝,男,2019-01-03,1,1,2015-09-702 回母校探望老师
玉皇大帝,男,2019-01-04,1,1,2015-09-703 回母校探望老师
玉皇大帝,男,2019-01-05,1,1,2015-09-704 回母校探望老师
玉皇大帝,男,2019-01-06,1,1,2015-09-705 回母校探望老师
玉皇大帝,男,2019-01-07,1,1,2015-09-706 回母校探望老师
玉皇大帝,男,2019-01-08,1,1,2015-09-707 回母校探望老师
玉皇大帝,男,2019-01-09,1,1,2015-09-708 回母校探望老师
玉皇大帝,男,2019-01-10,1,1,2015-09-709 回母校探望老师
玉皇大帝,男,2019-01-11,1,1,2015-09-710 回母校探望老师
玉皇大帝,男,2019-01-12,1,1,2015-09-711 回母校探望老师
玉皇大帝,男,2019-01-13,1,1,2015-09-712 回母校探望老师
玉皇大帝,男,2019-01-14,1,1,2015-09-713 回母校探望老师
玉皇大帝,男,2019-01-15,1,1,2015-09-714 回母校探望老师
玉皇大帝,男,2019-01-16,1,1,2015-09-715 回母校探望老师
玉皇大帝,男,2019-01-17,1,1,2015-09-716 回母校探望老师
玉皇大帝,男,2019-01-18,1,1,2015-09-717 回母校探望老师
玉皇大帝,男,2019-01-19,1,1,2015-09-718 回母校探望老师
玉皇大帝,男,2019-01-20,1,1,2015-09-719 回母校探望老师
玉皇大帝,男,2019-01-21,1,1,2015-09-720 回母校探望老师
玉皇大帝,男,2019-01-22,1,1,2015-09-721 回母校探望老师
玉皇大帝,男,2019-01-23,1,1,2015-09-722 回母校探望老师
玉皇大帝,男,2019-01-24,1,1,2015-09-723 回母校探望老师
玉皇大帝,男,2019-01-25,1,1,2015-09-724 回母校探望老师
玉皇大帝,男,2019-01-26,1,1,2015-09-725 回母校探望老师
玉皇大帝,男,2019-01-27,1,1,2015-09-726 回母校探望老师
玉皇大帝,男,2019-01-28,1,1,2015-09-727 回母校探望老师
玉皇大帝,男,2019-01-29,1,1,2015-09-728 回母校探望老师
玉皇大帝,男,2019-01-30,1,1,2015-09-729 回母校探望老师
玉皇大帝,男,2019-01-31,1,1,2015-09-730 回母校探望老师
玉皇大帝,男,2019-02-01,1,1,2015-09-731 回母校探望老师
玉皇大帝,男,2019-02-02,1,1,2015-09-732 回母校探望老师
玉皇大帝,男,2019-02-03,1,1,2015-09-733 回母校探望老师
玉皇大帝,男,2019-02-04,1,1,2015-09-734 回母校探望老师
玉皇大帝,男,2019-02-05,1,1,2015-09-735 回母校探望老师
玉皇大帝,男,2019-02-06,1,1,2015-09-736 回母校探望老师
玉皇大帝,男,2019-02-07,1,1,2015-09-737 回母校探望老师
玉皇大帝,男,2019-02-08,1,1,2015-09-738 回母校探望老师
玉皇大帝,男,2019-02-09,1,1,2015-09-739 回母校探望老师
玉皇大帝,男,2019-02-10,1,1,2015-09-740 回母校探望老师
玉皇大帝,男,2019-02-11,1,1,2015-09-741 回母校探望老师
玉皇大帝,男,2019-02-12,1,1,2015-09-742 回母校探望老师
玉皇大帝,男,2019-02-13,1,1,2015-09-743 回母校探望老师
玉皇大帝,男,2019-02-14,1,1,2015-09-744 回母校探望老师
玉皇大帝,男,2019-02-15,1,1,2015-09-745 回母校探望老师
玉皇大帝,男,2019-02-16,1,1,2015-09-746 回母校探望老师
玉皇大帝,男,2019-02-17,1,1,2015-09-747 回母校探望老师
玉皇大帝,男,2019-02-18,1,1,2015-09-748 回母校探望老师
玉皇大帝,男,2019-02-19,1,1,2015-09-749 回母校探望老师
玉皇大帝,男,2019-02-20,1,1,2015-09-750 回母校探望老师
玉皇大帝,男,2019-02-21,1,1,2015-09-751 回母校探望老师
玉皇大帝,男,2019-02-22,1,1,2015-09-752 回母校探望老师
玉皇大帝,男,2019-02-23,1,1,2015-09-753 回母校探望老师
玉皇大帝,男,2019-02-24,1,1,2015-09-754 回母校探望老师
玉皇大帝,男,2019-02-25,1,1,2015-09-755 回母校探望老师
玉皇大帝,男,2019-02-26,1,1,2015-09-756 回母校探望老师
玉皇大帝,男,2019-02-27,1,1,2015-09-757 回母校探望老师
玉皇大帝,男,2019-02-28,1,1,2015-09-758 回母校探望老师
玉皇大帝,男,2019-03-01,1,1,2015-09-759 回母校探望老师
玉皇大帝,男,2019-03-02,1,1,2015-09-760 回母校探望老师
玉皇大帝,男,2019-03-03,1,1,2015-09-761 回母校探望老师
玉皇大帝,男,2019-03-04,1,1,2015-09-762 回母校探望老师
玉皇大帝,男,2019-03-05,1,1,2015-09-763 回母校探望老师
玉皇大帝,男,2019-03-06,1,1,2015-09-764 回母校探望老师
玉皇大帝,男,2019-03-07,1,1,2015-09-765 回母校探望老师
玉皇大帝,男,2019-03-08,1,1,2015-09-766 回母校探望老师
玉皇大帝,男,2019-03-09,1,1,2015-09-767 回母校探望老师
玉皇大帝,男,2019-03-10,1,1,2015-09-768 回母校探望老师
玉皇大帝,男,2019-03-11,1,1,2015-09-769 回母校探望老师
玉皇大帝,男,2019-03-12,1,1,2015-09-770 回母校探望老师
玉皇大帝,男,2019-03-13,1,1,2015-09-771 回母校探望老师
玉皇大帝,男,2019-03-14,1,1,2015-09-772 回母校探望老师
玉皇大帝,男,2019-03-15,1,1,2015-09-773 回母校探望老师
玉皇大帝,男,2019-03-16,1,1,2015-09-774 回母校探望老师
玉皇大帝,男,2019-03-17,1,1,2015-09-775 回母校探望老师
玉皇大帝,男,2019-03-18,1,1,2015-09-776 回母校探望老师
玉皇大帝,男,2019-03-19,1,1,2015-09-777 回母校探望老师
玉皇大帝,男,2019-03-20,1,1,2015-09-778 回母校探望老师
玉皇大帝,男,2019-03-21,1,1,2015-09-779 回母校探望老师
玉皇大帝,男,2019-03-22,1,1,2015-09-780 回母校探望老师
玉皇大帝,男,2019-03-23,1,1,2015-09-781 回母校探望老师
玉皇大帝,男,2019-03-24,1,1,2015-09-782 回母校探望老师
玉皇大帝,男,2019-03-25,1,1,2015-09-783 回母校探望老师
玉皇大帝,男,2019-03-26,1,1,2015-09-784 回母校探望老师
玉皇大帝,男,2019-03-27,1,1,2015-09-785 回母校探望老师
玉皇大帝,男,2019-03-28,1,1,2015-09-786 回母校探望老师
玉皇大帝,男,2019-03-29,1,1,2015-09-787 回母校探望老师
玉皇大帝,男,2019-03-30,1,1,2015-09-788 回母校探望老师
玉皇大帝,男,2019-03-31,1,1,2015-09-789 回母校探望老师
玉皇大帝,男,2019-04-01,1,1,2015-09-790 回母校探望老师
玉皇大帝,男,2019-04-02,1,1,2015-09-791 回母校探望老师
玉皇大帝,男,2019-04-03,1,1,2015-09-792 回母校探望老师
玉皇大帝,男,2019-04-04,1,1,2015-09-793 回母校探望老师
玉皇大帝,男,2019-04-05,1,1,2015-09-794 回母校探望老师
玉皇大帝,男,2019-04-06,1,1,2015-09-795 回母校探望老师
玉皇大帝,男,2019-04-07,1,1,2015-09-796 回母校探望老师
玉皇大帝,男,2019-04-08,1,1,2015-09-797 回母校探望老师
玉皇大帝,男,2019-04-09,1,1,2015-09-798 回母校探望老师
玉皇大帝,男,2019-04-10,1,1,2015-09-799 回母校探望老师
玉皇大帝,男,2019-04-11,1,1,2015-09-800 回母校探望老师
玉皇大帝,男,2019-04-12,1,1,2015-09-801 回母校探望老师
玉皇大帝,男,2019-04-13,1,1,2015-09-802 回母校探望老师
玉皇大帝,男,2019-04-14,1,1,2015-09-803 回母校探望老师
玉皇大帝,男,2019-04-15,1,1,2015-09-804 回母校探望老师
玉皇大帝,男,2019-04-16,1,1,2015-09-805 回母校探望老师
玉皇大帝,男,2019-04-17,1,1,2015-09-806 回母校探望老师
玉皇大帝,男,2019-04-18,1,1,2015-09-807 回母校探望老师
玉皇大帝,男,2019-04-19,1,1,2015-09-808 回母校探望老师
玉皇大帝,男,2019-04-20,1,1,2015-09-809 回母校探望老师
玉皇大帝,男,2019-04-21,1,1,2015-09-810 回母校探望老师
玉皇大帝,男,2019-04-22,1,1,2015-09-811 回母校探望老师
玉皇大帝,男,2019-04-23,1,1,2015-09-812 回母校探望老师
玉皇大帝,男,2019-04-24,1,1,2015-09-813 回母校探望老师
玉皇大帝,男,2019-04-25,1,1,2015-09-814 回母校探望老师
玉皇大帝,男,2019-04-26,1,1,2015-09-815 回母校探望老师
玉皇大帝,男,2019-04-27,1,1,2015-09-816 回母校探望老师
玉皇大帝,男,2019-04-28,1,1,2015-09-817 回母校探望老师
玉皇大帝,男,2019-04-29,1,1,2015-09-818 回母校探望老师
玉皇大帝,男,2019-04-30,1,1,2015-09-819 回母校探望老师
玉皇大帝,男,2019-05-01,1,1,2015-09-820 回母校探望老师
玉皇大帝,男,2019-05-02,1,1,2015-09-821 回母校探望老师
玉皇大帝,男,2019-05-03,1,1,2015-09-822 回母校探望老师
玉皇大帝,男,2019-05-04,1,1,2015-09-823 回母校探望老师
玉皇大帝,男,2019-05-05,1,1,2015-09-824 回母校探望老师
玉皇大帝,男,2019-05-06,1,1,2015-09-825 回母校探望老师
玉皇大帝,男,2019-05-07,1,1,2015-09-826 回母校探望老师
玉皇大帝,男,2019-05-08,1,1,2015-09-827 回母校探望老师
玉皇大帝,男,2019-05-09,1,1,2015-09-828 回母校探望老师
玉皇大帝,男,2019-05-10,1,1,2015-09-829 回母校探望老师
玉皇大帝,男,2019-05-11,1,1,2015-09-830 回母校探望老师
玉皇大帝,男,2019-05-12,1,1,2015-09-831 回母校探望老师
玉皇大帝,男,2019-05-13,1,1,2015-09-832 回母校探望老师
玉皇大帝,男,2019-05-14,1,1,2015-09-833 回母校探望老师
玉皇大帝,男,2019-05-15,1,1,2015-09-834 回母校探望老师
玉皇大帝,男,2019-05-16,1,1,2015-09-835 回母校探望老师
玉皇大帝,男,2019-05-17,1,1,2015-09-836 回母校探望老师
玉皇大帝,男,2019-05-18,1,1,2015-09-837 回母校探望老师
玉皇大帝,男,2019-05-19,1,1,2015-09-838 回母校探望老师
玉皇大帝,男,2019-05-20,1,1,2015-09-839 回母校探望老师
玉皇大帝,男,2019-05-21,1,1,2015-09-840 回母校探望老师
玉皇大帝,男,2019-05-22,1,1,2015-09-841 回母校探望老师
玉皇大帝,男,2019-05-23,1,1,2015-09-842 回母校探望老师
玉皇大帝,男,2019-05-24,1,1,2015-09-843 回母校探望老师
玉皇大帝,男,2019-05-25,1,1,2015-09-844 回母校探望老师
玉皇大帝,男,2019-05-26,1,1,2015-09-845 回母校探望老师
玉皇大帝,男,2019-05-27,1,1,2015-09-846 回母校探望老师
玉皇大帝,男,2019-05-28,1,1,2015-09-847 回母校探望老师
玉皇大帝,男,2019-05-29,1,1,2015-09-848 回母校探望老师
玉皇大帝,男,2019-05-30,1,1,2015-09-849 回母校探望老师
玉皇大帝,男,2019-05-31,1,1,2015-09-850 回母校探望老师
玉皇大帝,男,2019-06-01,1,1,2015-09-851 回母校探望老师
玉皇大帝,男,2019-06-02,1,1,2015-09-852 回母校探望老师
玉皇大帝,男,2019-06-03,1,1,2015-09-853 回母校探望老师
玉皇大帝,男,2019-06-04,1,1,2015-09-854 回母校探望老师
玉皇大帝,男,2019-06-05,1,1,2015-09-855 回母校探望老师
玉皇大帝,男,2019-06-06,1,1,2015-09-856 回母校探望老师
玉皇大帝,男,2019-06-07,1,1,2015-09-857 回母校探望老师
玉皇大帝,男,2019-06-08,1,1,2015-09-858 回母校探望老师
玉皇大帝,男,2019-06-09,1,1,2015-09-859 回母校探望老师
玉皇大帝,男,2019-06-10,1,1,2015-09-860 回母校探望老师
玉皇大帝,男,2019-06-11,1,1,2015-09-861 回母校探望老师
玉皇大帝,男,2019-06-12,1,1,2015-09-862 回母校探望老师
玉皇大帝,男,2019-06-13,1,1,2015-09-863 回母校探望老师
玉皇大帝,男,2019-06-14,1,1,2015-09-864 回母校探望老师
玉皇大帝,男,2019-06-15,1,1,2015-09-865 回母校探望老师
玉皇大帝,男,2019-06-16,1,1,2015-09-866 回母校探望老师
玉皇大帝,男,2019-06-17,1,1,2015-09-867 回母校探望老师
玉皇大帝,男,2019-06-18,1,1,2015-09-868 回母校探望老师
玉皇大帝,男,2019-06-19,1,1,2015-09-869 回母校探望老师
玉皇大帝,男,2019-06-20,1,1,2015-09-870 回母校探望老师
玉皇大帝,男,2019-06-21,1,1,2015-09-871 回母校探望老师
玉皇大帝,男,2019-06-22,1,1,2015-09-872 回母校探望老师
玉皇大帝,男,2019-06-23,1,1,2015-09-873 回母校探望老师
玉皇大帝,男,2019-06-24,1,1,2015-09-874 回母校探望老师
玉皇大帝,男,2019-06-25,1,1,2015-09-875 回母校探望老师
玉皇大帝,男,2019-06-26,1,1,2015-09-876 回母校探望老师
玉皇大帝,男,2019-06-27,1,1,2015-09-877 回母校探望老师
玉皇大帝,男,2019-06-28,1,1,2015-09-878 回母校探望老师
玉皇大帝,男,2019-06-29,1,1,2015-09-879 回母校探望老师
玉皇大帝,男,2019-06-30,1,1,2015-09-880 回母校探望老师
玉皇大帝,男,2019-07-01,1,1,2015-09-881 回母校探望老师
玉皇大帝,男,2019-07-02,1,1,2015-09-882 回母校探望老师
玉皇大帝,男,2019-07-03,1,1,2015-09-883 回母校探望老师
玉皇大帝,男,2019-07-04,1,1,2015-09-884 回母校探望老师
玉皇大帝,男,2019-07-05,1,1,2015-09-885 回母校探望老师
玉皇大帝,男,2019-07-06,1,1,2015-09-886 回母校探望老师
玉皇大帝,男,2019-07-07,1,1,2015-09-887 回母校探望老师
玉皇大帝,男,2019-07-08,1,1,2015-09-888 回母校探望老师
玉皇大帝,男,2019-07-09,1,1,2015-09-889 回母校探望老师
玉皇大帝,男,2019-07-10,1,1,2015-09-890 回母校探望老师
玉皇大帝,男,2019-07-11,1,1,2015-09-891 回母校探望老师
玉皇大帝,男,2019-07-12,1,1,2015-09-892 回母校探望老师
玉皇大帝,男,2019-07-13,1,1,2015-09-893 回母校探望老师
玉皇大帝,男,2019-07-14,1,1,2015-09-894 回母校探望老师
玉皇大帝,男,2019-07-15,1,1,2015-09-895 回母校探望老师
玉皇大帝,男,2019-07-16,1,1,2015-09-896 回母校探望老师
玉皇大帝,男,2019-07-17,1,1,2015-09-897 回母校探望老师
玉皇大帝,男,2019-07-18,1,1,2015-09-898 回母校探望老师
玉皇大帝,男,2019-07-19,1,1,2015-09-899 回母校探望老师
玉皇大帝,男,2019-07-20,1,1,2015-09-900 回母校探望老师
玉皇大帝,男,2019-07-21,1,1,2015-09-901 回母校探望老师
玉皇大帝,男,2019-07-22,1,1,2015-09-902 回母校探望老师
玉皇大帝,男,2019-07-23,1,1,2015-09-903 回母校探望老师
玉皇大帝,男,2019-07-24,1,1,2015-09-904 回母校探望老师
玉皇大帝,男,2019-07-25,1,1,2015-09-905 回母校探望老师
玉皇大帝,男,2019-07-26,1,1,2015-09-906 回母校探望老师
玉皇大帝,男,2019-07-27,1,1,2015-09-907 回母校探望老师
玉皇大帝,男,2019-07-28,1,1,2015-09-908 回母校探望老师
玉皇大帝,男,2019-07-29,1,1,2015-09-909 回母校探望老师
玉皇大帝,男,2019-07-30,1,1,2015-09-910 回母校探望老师
玉皇大帝,男,2019-07-31,1,1,2015-09-911 回母校探望老师
玉皇大帝,男,2019-08-01,1,1,2015-09-912 回母校探望老师
玉皇大帝,男,2019-08-02,1,1,2015-09-913 回母校探望老师
玉皇大帝,男,2019-08-03,1,1,2015-09-914 回母校探望老师
玉皇大帝,男,2019-08-04,1,1,2015-09-915 回母校探望老师
玉皇大帝,男,2019-08-05,1,1,2015-09-916 回母校探望老师
玉皇大帝,男,2019-08-06,1,1,2015-09-917 回母校探望老师
玉皇大帝,男,2019-08-07,1,1,2015-09-918 回母校探望老师
玉皇大帝,男,2019-08-08,1,1,2015-09-919 回母校探望老师
玉皇大帝,男,2019-08-09,1,1,2015-09-920 回母校探望老师
玉皇大帝,男,2019-08-10,1,1,2015-09-921 回母校探望老师
玉皇大帝,男,2019-08-11,1,1,2015-09-922 回母校探望老师
玉皇大帝,男,2019-08-12,1,1,2015-09-923 回母校探望老师
玉皇大帝,男,2019-08-13,1,1,2015-09-924 回母校探望老师
玉皇大帝,男,2019-08-14,1,1,2015-09-925 回母校探望老师
玉皇大帝,男,2019-08-15,1,1,2015-09-926 回母校探望老师
玉皇大帝,男,2019-08-16,1,1,2015-09-927 回母校探望老师
玉皇大帝,男,2019-08-17,1,1,2015-09-928 回母校探望老师
玉皇大帝,男,2019-08-18,1,1,2015-09-929 回母校探望老师
玉皇大帝,男,2019-08-19,1,1,2015-09-930 回母校探望老师
玉皇大帝,男,2019-08-20,1,1,2015-09-931 回母校探望老师
玉皇大帝,男,2019-08-21,1,1,2015-09-932 回母校探望老师
玉皇大帝,男,2019-08-22,1,1,2015-09-933 回母校探望老师
玉皇大帝,男,2019-08-23,1,1,2015-09-934 回母校探望老师
玉皇大帝,男,2019-08-24,1,1,2015-09-935 回母校探望老师
玉皇大帝,男,2019-08-25,1,1,2015-09-936 回母校探望老师
玉皇大帝,男,2019-08-26,1,1,2015-09-937 回母校探望老师
玉皇大帝,男,2019-08-27,1,1,2015-09-938 回母校探望老师
玉皇大帝,男,2019-08-28,1,1,2015-09-939 回母校探望老师
玉皇大帝,男,2019-08-29,1,1,2015-09-940 回母校探望老师
玉皇大帝,男,2019-08-30,1,1,2015-09-941 回母校探望老师
玉皇大帝,男,2019-08-31,1,1,2015-09-942 回母校探望老师
玉皇大帝,男,2019-09-01,1,1,2015-09-943 回母校探望老师
玉皇大帝,男,2019-09-02,1,1,2015-09-944 回母校探望老师
玉皇大帝,男,2019-09-03,1,1,2015-09-945 回母校探望老师
玉皇大帝,男,2019-09-04,1,1,2015-09-946 回母校探望老师
玉皇大帝,男,2019-09-05,1,1,2015-09-947 回母校探望老师
玉皇大帝,男,2019-09-06,1,1,2015-09-948 回母校探望老师
玉皇大帝,男,2019-09-07,1,1,2015-09-949 回母校探望老师
玉皇大帝,男,2019-09-08,1,1,2015-09-950 回母校探望老师
玉皇大帝,男,2019-09-09,1,1,2015-09-951 回母校探望老师
玉皇大帝,男,2019-09-10,1,1,2015-09-952 回母校探望老师
玉皇大帝,男,2019-09-11,1,1,2015-09-953 回母校探望老师
玉皇大帝,男,2019-09-12,1,1,2015-09-954 回母校探望老师
玉皇大帝,男,2019-09-13,1,1,2015-09-955 回母校探望老师
玉皇大帝,男,2019-09-14,1,1,2015-09-956 回母校探望老师
玉皇大帝,男,2019-09-15,1,1,2015-09-957 回母校探望老师
玉皇大帝,男,2019-09-16,1,1,2015-09-958 回母校探望老师
玉皇大帝,男,2019-09-17,1,1,2015-09-959 回母校探望老师
玉皇大帝,男,2019-09-18,1,1,2015-09-960 回母校探望老师
玉皇大帝,男,2019-09-19,1,1,2015-09-961 回母校探望老师
玉皇大帝,男,2019-09-20,1,1,2015-09-962 回母校探望老师
玉皇大帝,男,2019-09-21,1,1,2015-09-963 回母校探望老师
玉皇大帝,男,2019-09-22,1,1,2015-09-964 回母校探望老师
玉皇大帝,男,2019-09-23,1,1,2015-09-965 回母校探望老师
玉皇大帝,男,2019-09-24,1,1,2015-09-966 回母校探望老师
玉皇大帝,男,2019-09-25,1,1,2015-09-967 回母校探望老师
玉皇大帝,男,2019-09-26,1,1,2015-09-968 回母校探望老师
玉皇大帝,男,2019-09-27,1,1,2015-09-969 回母校探望老师
玉皇大帝,男,2019-09-28,1,1,2015-09-970 回母校探望老师
玉皇大帝,男,2019-09-29,1,1,2015-09-971 回母校探望老师
玉皇大帝,男,2019-09-30,1,1,2015-09-972 回母校探望老师
玉皇大帝,男,2019-10-01,1,1,2015-09-973 回母校探望老师
玉皇大帝,男,2019-10-02,1,1,2015-09-974 回母校探望老师
玉皇大帝,男,2019-10-03,1,1,2015-09-975 回母校探望老师
玉皇大帝,男,2019-10-04,1,1,2015-09-976 回母校探望老师
玉皇大帝,男,2019-10-05,1,1,2015-09-977 回母校探望老师
玉皇大帝,男,2019-10-06,1,1,2015-09-978 回母校探望老师
玉皇大帝,男,2019-10-07,1,1,2015-09-979 回母校探望老师
玉皇大帝,男,2019-10-08,1,1,2015-09-980 回母校探望老师
玉皇大帝,男,2019-10-09,1,1,2015-09-981 回母校探望老师
玉皇大帝,男,2019-10-10,1,1,2015-09-982 回母校探望老师
玉皇大帝,男,2019-10-11,1,1,2015-09-983 回母校探望老师
玉皇大帝,男,2019-10-12,1,1,2015-09-984 回母校探望老师
玉皇大帝,男,2019-10-13,1,1,2015-09-985 回母校探望老师
玉皇大帝,男,2019-10-14,1,1,2015-09-986 回母校探望老师
玉皇大帝,男,2019-10-15,1,1,2015-09-987 回母校探望老师
玉皇大帝,男,2019-10-16,1,1,2015-09-988 回母校探望老师
玉皇大帝,男,2019-10-17,1,1,2015-09-989 回母校探望老师
玉皇大帝,男,2019-10-18,1,1,2015-09-990 回母校探望老师
玉皇大帝,男,2019-10-19,1,1,2015-09-991 回母校探望老师
玉皇大帝,男,2019-10-20,1,1,2015-09-992 回母校探望老师
玉皇大帝,男,2019-10-21,1,1,2015-09-993 回母校探望老师
玉皇大帝,男,2019-10-22,1,1,2015-09-994 回母校探望老师
玉皇大帝,男,2019-10-23,1,1,2015-09-995 回母校探望老师
玉皇大帝,男,2019-10-24,1,1,2015-09-996 回母校探望老师
玉皇大帝,男,2019-10-25,1,1,2015-09-997 回母校探望老师
玉皇大帝,男,2019-10-26,1,1,2015-09-998 回母校探望老师
玉皇大帝,男,2019-10-27,1,1,2015-09-999 回母校探望老师
玉皇大帝,男,2019-10-28,1,1,2015-09-1000 回母校探望老师
